1,BAEZ,LAURA SOLEDAD,29910737,2,0
2,BAEZ,MARIA BELEN,38863210,2,0
3,BAEZ,MARIA OFELIA,27008794,2,0
4,BAEZ,VALERIA EDITH,28282549,2,0
5,BAEZ,ZULMA DIONISIA,13397595,2,0
6,BAICER,ROMINA VANESA VALERIA,30852519,2,0
7,BAIER,FERNANDO ALBERTO,32128004,2,0
8,BAIER,WALTER DANIEL,36635095,2,0
9,BAIGORRIA,DIANA MELISA,32060121,2,0
10,BAIGORRIA,HERNAN FRANCISCO,38842997,2,0
11,BAIGORRIA,MARIA GRISELDA,6230816,2,0
12,BAIGORRIA,VICTOR HUGO,5216657,2,0
13,BALBI,CLAUDIO MAXIMILIANO,28878773,2,0
14,BALLESTER,STELLA MARIS,20627862,2,0
15,BALLESTER,TAMARA ROMINA,25072383,2,0
16,BANEGAS,MIRTA ISABEL,16626506,2,0
17,BANEGAS,YAMILA MARLENE,38679930,2,0
18,BARAHONA,CARLA NOELIA,29371923,2,0
19,BARBATO,OSVALDO FABIAN,17888295,2,0
20,BARBIERI,ANGELA,5002338,2,0
21,BARDELLI,RAÚL ALBERTO,10470647,2,0
22,BARDIERO,NESTOR HORACIO,29494776,2,0
23,BARLOCCHI,ALICIA NOEMI,10153759,2,0
24,BARONE,JOSÉ MARIA,11759158,2,0
25,BARRACO,ANIBAL HORACIO,13543441,2,0
26,BARRACO,MARIA ALICIA,31044903,2,0
27,BARRACO,MARIA NOEMI,10748783,2,0
28,BARRACO,MARIA TERESA,3426369,2,0
29,BARRACO MORAES,ANDREA VICTORIA,34115770,2,0
30,BARRAGAN,DELIA RAQUEL,17579366,2,0
31,BARRAGAN,JUAN ANDRES,42491210,2,0
32,BARRAGAN,VALERIA ALEJANDRA,38953384,2,0
33,BARRAL,MIGUEL ANGEL GABRIEL,31363412,2,0
34,BARREIRO,JESICA MARCELA,33698437,2,0
35,BARRERA,FABIANA ANDREA,21037518,2,0
36,BARRERA,JORGELINA,22387591,2,0
37,BARRETO,FRANCO EMIR,41537089,2,0
38,BARRETO,NESTOR ADRIAN,17756630,2,0
39,BARRI,ALICIA NOEMI,16624052,2,0
40,BARRI,GRACIELA BEATRIZ,13012456,2,0
41,BARRI,MARIA BELEN,20036112,2,0
42,BARRIOS,ALFREDO CLAUDIO,36245588,2,0
43,BARRIOS,ANDREA CAROLINA,42464497,2,0
44,BARRIOS,BEATRIZ,27060737,2,0
45,BARRIOS,CLAUDIA DANIELA,41097738,2,0
46,BARRIOS,CRISTIAN SAUL,33854928,2,0
47,BARRIOS,HECTOR ANIBAL,41025629,2,0
48,BARRIOS,HUGO LUIS,16417486,2,0
49,BARRIOS,HUGO LUIS,38863217,2,0
50,BARRIOS,JUAN CRUZ YAMIL,40093281,2,0
51,BARRIOS,MARIA ALEJANDRA,31598062,2,0
52,BARRIOS,MARIA ANGELICA,24773338,2,0
53,BARRIOS,MIRTA ANDREA,34115608,2,0
54,BARRIOS,NANCY BEATRIZ,33649644,2,0
55,BARRIOS,NESTOR FABIAN,28843056,2,0
56,BARRIOS,RICARDO ALBERTO,20979855,2,0
57,BARRIOS,TERESA,25873997,2,0
58,BARRIOS,VIRGINIA DEL ROSARIO,32030798,2,0
59,BARRIOS,YAMILA ISABEL,41097735,2,0
60,BARTOLOMEY,SONIA VANESA,26807430,2,0
61,BASCARUTTI,MIRTA ALICIA,5595690,2,0
62,BASUALDO,ALEJANDRO MATÍAS,33645754,2,0
63,BASUALDO,EDUARDO MARTIN,33645755,2,0
64,BASUALDO,FERMIN NAHUEL,37378904,2,0
65,BASUALDO,GABINO ALEJANDRO,36110371,2,0
66,BASUALDO,GERARDO DAVID,29860479,2,0
67,BASUALDO,GUILLERMO DANIEL,32128165,2,0
68,BASUALDO,HORACIO RICARDO,14649305,2,0
69,BASUALDO,IRINEO ALEJANDRO,34469501,2,0
70,BASUALDO,MARIA DEL CARMEN,27882966,2,0
71,BASUALDO,MARIA ELENA,17559809,2,0
72,BASUALDO,RAFAEL ALEJANDRO,46629332,2,0
73,BASUALDO,TAMARA SOLEDAD,34115797,2,0
74,BATALLANES,MARIA DEL VALLE,30085456,2,0
75,BATISTA,ANTONIO,29727848,2,0
76,BEIZ,ROXANA LETICIA,14824672,2,0
77,BELARRA,NILDA BEATRIZ,16237191,2,0
78,BELAUNZARAN,JUAN CARLOS,20499443,2,0
79,BELINZONI,ANAHI SOLANGE,35184981,2,0
80,BELINZONI,ROCIO BELEN,37014247,2,0
81,BELLINGERI,CRISTIAN ALFREDO,28869333,2,0
82,BELTRAN,BRISA MILAGROS,44649714,2,0
83,BELTRAN,CAMILA SOLEDAD,43014426,2,0
84,BELTRAN,JOSE DANIEL,26768056,2,0
85,BEN,SERAFIN NESTOR,12096233,2,0
86,BENAVIDEZ,GASTON,23005977,2,0
87,BENEDICTO,CLAUDIA ALEJANDRA,16464133,2,0
88,BENITEZ,JOSEFINA TRINIDAD,41097742,2,0
89,BENITEZ,MARIA NAZARENA,41025618,2,0
90,BENITEZ,MIGUEL ELOY,36180639,2,0
91,BERCETCHE,JOSÉ MANUEL HORACIO,45633611,2,0
92,BERCETCHE,JUAN CRUZ,43907505,2,0
93,BERGALLO,CAROLINA ELIZABETH,33338436,2,0
94,BERGALLO,FLORDUARDO,10661720,2,0
95,BERGEON,ALBERTO OSCAR,5083143,2,0
96,BERGEON,MARIA DEL CARMEN,25901778,2,0
97,BERGEON,MARIA ISABEL,23417099,2,0
98,BERGEON,MIGUEL ANGEL,11494068,2,0
99,BERNAOLA,MARIA CECILIA,24084346,2,0
100,BERNARDI,RAQUEL M,2492191,2,0
101,BERTOLA,ROSA ESTHER,13401569,2,0
102,BETTI,DAIANA MICAELA,43256488,2,0
103,BIANCHI,JUAN CARLOS,14484658,2,0
104,BIANCO,GABRIELA ANABEL,37915020,2,0
105,BIANCO,HECTOR ALEXIS,34115632,2,0
106,BIANCO,HECTOR I,13543414,2,0
107,BIANCO,MARIA LUJAN,30288887,2,0
108,BIANCO,MARTIN RODOLFO,21969411,2,0
109,BIANCO,MIRTA HAYDEE,12742414,2,0
110,BICERNE,JOSEFINA,41025649,2,0
111,BICERNE,JUAN MANUEL,8317129,2,0
112,BICERNE,MANUEL,24973515,2,0
113,BICERNE,MARIA,25873996,2,0
114,BICERNE,MARIA CRISTINA,12991922,2,0
115,BICERNE,MARIA DEL CARME,20036541,2,0
116,BICERNE,MARIA ISABEL,14139615,2,0
117,BICERNE,MARIO DANIEL,18422079,2,0
118,BICERNE,NICOLAS,40093271,2,0
119,BICERNE,PABLO,29860490,2,0
120,BIDONDO,FRANCISCA,34115790,2,0
121,BIDONDO,HÉCTOR IGNACIO,17941490,2,0
122,BIDONDO,MARIA DEL CARMEN,16925894,2,0
123,BIDONDO,NESTOR ULISES,21502088,2,0
124,BIDONDO,SILVIA BEATRIZ,13934862,2,0
125,BIDONDO LOREA,FERMIN,40831919,2,0
126,BIGONI,DANIEL GERMAN,22032175,2,0
127,BIOCCA,PATRICIA INES,30634824,2,0
128,BISERNI,MARIA ELISABET,6230806,2,0
129,BJALKE,AGUSTIN NICOLAS,45629611,2,0
130,BJALKE,ANDRES CRISTIAN,22815336,2,0
131,BLANCO,ALDANA LUCIA,37915074,2,0
132,BLANCO,GUSTAVO NICOLAS,38835922,2,0
133,BLANCO,GUSTAVO OSMAR,21845076,2,0
134,BLANCO,JESICA BELEN,35820996,2,0
135,BLANCO,LAURA ESTEFANIA,37982988,2,0
136,BLANCO,MAICO OMAR,41097711,2,0
137,BLANCO,MARCELO FABIAN,20367286,2,0
138,BLANCO,MARIA SOLEDAD,30490552,2,0
139,BLANCO,MARIA VICTORIA,40478315,2,0
140,BLANCO,MIGUEL ANGEL,13879159,2,0
141,BLANCO,RUBEN MARCELO,22111434,2,0
142,BLANCO,TIZIANO MARTIN,46629331,2,0
143,BLANCO,WALTER DARIO,37382025,2,0
144,BOGADO,BLANCA ESTELA,11726097,2,0
145,BOLLA,MARIA SOLEDAD,34115604,2,0
146,BOLLA,MARTIN MIGUEL,32060108,2,0
147,BOLONTRADE,JUAN CARLOS,32700054,2,0
148,BOLONTRADE,LUISA ELENA,11792102,2,0
149,BOLS,HECTOR ANIBAL,23404952,2,0
150,BOLS,SANDRA LILIANA,22202103,2,0
151,BOLS,SILVIA ELENA,23404953,2,0
152,BONA,KARINA IRENE,30490587,2,0
153,BONGIOVANNI,OSVALDO PEDRO,6659635,2,0
154,BORDA,CARLOS ANTONIO,17263615,2,0
155,BORDA,CLARIBEL MARIANA,39964441,2,0
156,BORDA,IVANA DANIELA,34115771,2,0
157,BORDA,LUIS ANTONIO,34115667,2,0
158,BORDA,NORMA BEATRIZ,20691541,2,0
159,BORDAZAHAR,MATIAS ALEXIS,41458426,2,0
160,BORDON,LISANDRO MATEO,33330553,2,0
161,BORDOY,HAYDEE B,12135405,2,0
162,BORDOY,MARIA FERNANDA,41025603,2,0
163,BORDOY,NILDA LETICIA,27060746,2,0
164,BORDOY,OSCAR DAVID,31044928,2,0
165,BORDOY,OSCAR ROQUE,8317127,2,0
166,BORDOY,PAMELA,27918492,2,0
167,BORDOY GONZALEZ,NORA IVANA,26409760,2,0
168,BORGES,ALEJANDRO MARTIN,24414547,2,0
169,BORGES,CARLOS ENRIQUE,16121581,2,0
170,BORGES,DOMINGA,4560430,2,0
171,BORGES,GUILLERMINA LORENA,28928822,2,0
172,BORGES,JORGELINA LUJAN,41097787,2,0
173,BORGES,MARIA ELENA,4433990,2,0
174,BORGES,MARIA GABRIELA,22876092,2,0
175,BORGES,NELIDA RAQUEL,5168285,2,0
176,BORGES,NELIDA SUSANA,10363032,2,0
177,BOSQUET,FERNANDO EZEQUIEL,39164937,2,0
178,BOVATI,MARIA INÉS,22840989,2,0
179,BRACAMONTE,BETINA NOELIA,33767354,2,0
180,BRACAMONTE,HECTOR SEBASTIAN,28855593,2,0
181,BRENNA,PEDRO HORACIO,5214972,2,0
182,BRETTOS,MARIA ALEJANDRA,27379422,2,0
183,BRISSON,CORA MARIA,11368055,2,0
184,BRITO,SONIA ALEJANDRA,33333421,2,0
185,BROQUA,ALAN DEMIAN,37915032,2,0
186,BROQUA,ANDREA ROSANA,23448069,2,0
187,BROQUA,AQUILES,41097771,2,0
188,BROQUA,AXEL,41458443,2,0
189,BROQUA,BERTA GRISELDA,4433951,2,0
190,BROQUA,BRAIAN ALEXANDER,34115757,2,0
191,BROQUA,DYLAN,41097704,2,0
192,BROQUA,ENEAS JOSUE,41097731,2,0
193,BROQUA,ERIK ELIAN,41025684,2,0
194,BROQUA,GABRIEL,42538838,2,0
195,BROQUA,GABRIELA,42538837,2,0
196,BROQUA,GUSTAVO EMMANUEL,32030789,2,0
197,BROQUA,HECTOR FERNANDO,25814856,2,0
198,BROQUA,IARA,41097798,2,0
199,BROQUA,JOSE ANIBAL,5216622,2,0
200,BROQUA,JOSE FELICIANO,25459018,2,0
201,BROQUA,JOSE OSCAR,20777443,2,0
202,BROQUA,JUAN BAUSTISTA,22876087,2,0
203,BROQUA,JULIETA,43907523,2,0
204,BROQUA,KAREN AYELEN,38863206,2,0
205,BROQUA,LIA HAYDEE,4082858,2,0
206,BROQUA,LORENA ELIZABETH,27379421,2,0
207,BROQUA,MARCELO JULIO,22876089,2,0
208,BROQUA,MARIA DEL CARMEN,4560423,2,0
209,BROQUA,NATALIA,27918481,2,0
210,BROQUA,OLGA MARIA,12135414,2,0
211,BROQUA,OLGA SUSANA,4082870,2,0
212,BROQUA,PAOLA CECILIA,26409770,2,0
213,BROQUA,TAMARA ROMINA,33348938,2,0
214,BROQUA,YOEL,37915093,2,0
215,BRUGNONI,IGNACIO JULIAN,31298630,2,0
216,BRUNNO,ANA MARIA,17567489,2,0
217,BRUNNO,MAURO LUCIANO,27559902,2,0
218,BRUNO,ANTONELLA,45034102,2,0
219,BRUNO,CAROLINA,42296298,2,0
220,BRUNO,JOSE LUIS,10257348,2,0
221,BRUNO,JUAN CARLOS,21782382,2,0
222,BRUNO,MANUELA PIUQUEN,39549212,2,0
223,BRUNO,MERCEDES ITATI,41316090,2,0
224,BRUNO,NORMA LINA,5498457,2,0
225,BUGARIN,SANDRA MARINA,24343418,2,0
226,BUGNER,EMILIANO HERNAN,30306979,2,0
227,BULGGIANI,ALEJANDRO MARTIN,44518716,2,0
228,BULGGIANI,ANA BELEN,37698975,2,0
229,BULGGIANI,EZEQUIEL GASPAR,37915086,2,0
230,BULGGIANI,JESICA DANIELA,35820901,2,0
231,BULGGIANI,JORGE CARLOS,17076510,2,0
232,BULGGIANI,JUAN ALBERTO,17919968,2,0
233,BULGGIANI,JUAN CARLOS,36868540,2,0
234,BULGGIANI,LUIS MARIO,39491265,2,0
235,BULGGIANI,MARIA DE LOS MILAGROS,37915034,2,0
236,BULGGIANI,NAHUEL NICOLAS,41097736,2,0
237,BULGGIANI,PATRICIA A,17919812,2,0
238,BULGGIANI,PAULA AGUSTINA,38549959,2,0
239,BURNES,JUAN MANUEL,29173941,2,0
240,BURS,CARLOS ALBERTO,12351365,2,0
241,BURS,GASTÓN EZEQUIEL,34170531,2,0
242,BURS,JULIO CESAR,16237192,2,0
243,BURS,MARIANA SOFIA,34958481,2,0
244,BURS,NADIA INES,32906773,2,0
245,BURS PERALTA,FELIPE SANTIAGO,34115640,2,0
246,BUSTOS,HUGO WILMAR,11398982,2,0
247,BUSTOS OXANDABERRO,MARIA EUGENIA,32060129,2,0
248,CABANAS,ANDRES ARGENTINO,32172959,2,0
249,CABAÑEZ,CLAUDIA ROSARIO,22516364,2,0
250,CABAÑEZ,DAMIAN,44518776,2,0
251,CABAÑEZ,MARILYN,41097745,2,0
252,CABAÑEZ,MARTIN MIGUEL,21567052,2,0
253,CABRAL MARZANO,JUAN EZEQUIEL,37784971,2,0
254,CABRERA,ARACELI MARIA,14737872,2,0
255,CABRERA,BEATRIZ LUJAN,3618547,2,0
256,CABRERA,CLARISA,37915046,2,0
257,CABRERA,CRISTINA EMILCE,21782595,2,0
258,CABRERA,ELIDA GRACIELA,12991929,2,0
259,CABRERA,HUGO OSCAR,20950020,2,0
260,CABRERA,IARA ALDANA,41193685,2,0
261,CABRERA,IRMA MARIA,4560463,2,0
262,CABRERA,IVANNA CAROLINA,34115672,2,0
263,CABRERA,LAURA ADELAIDA,14737899,2,0
264,CABRERA,LAZARO RAUL,12135401,2,0
265,CABRERA,LIDIA V,17941489,2,0
266,CABRERA,LUIS ALFREDO,5210985,2,0
267,CABRERA,NANCY VILMA,16670704,2,0
268,CABRERA,SILVIA CAMILA,17422160,2,0
269,CABRERA,URSULA,32060115,2,0
270,CABRERA,ZAHIRA GIANINA,42809077,2,0
271,CAFFARATTI,PABLO ANDRES,27599996,2,0
272,CALABRESE,ADOLFO JOSE,13108942,2,0
273,CALABRESE,AMALIA RAMONA,41071607,2,0
274,CALABRESE,ANA BELEN,28678288,2,0
275,CALABRESE,CESAR EDUARDO,35299608,2,0
276,CALABRESE,FERNANDA CAROLINA,26569582,2,0
277,CALABRESE,GONZALO JAVIER,36547142,2,0
278,CALABRESE,JOSE BENEDICTO,32296240,2,0
279,CALABRESE,JUAN ADOLFO,37054631,2,0
280,CALABRESE,MARTIN GASTON,40352594,2,0
281,CALABRESE,MARTINA,41097785,2,0
282,CALDERON,MIGUEL ANGEL,28761479,2,0
283,CALEGARI,MARIA CRISTINA,12925039,2,0
284,CALLE,MARIA ELENA,12991908,2,0
285,CALLEGARI,JUAN MARIANO,22876095,2,0
286,CALLEGARI,MARIA AMALIA,20777445,2,0
287,CALLEGARI,VALENTINA,41025605,2,0
288,CALO,ADRIANA ELISABETH,30196158,2,0
289,CALO,EDUARDO,11160311,2,0
290,CALO,RAMON,11160312,2,0
291,CALVO,MARIA VALERIA,25269451,2,0
292,CAMALLI,LUIS OSVALDO,22871579,2,0
293,CAMALLI,MARIA SANDRA,24538873,2,0
294,CAMALLI,SILVANA CARINA,23903972,2,0
295,CAMINO,MARIA ELENA,5449990,2,0
296,CAMPENNI,AYLEN CAMILA,44595613,2,0
297,CAMPODONICO,FEDERICO GASTON,31674566,2,0
298,CANGGIANELLI,JUAN JOSE,16270353,2,0
299,CANGGIANELLI,LUCA TOMÁS,45577827,2,0
300,CANNONE,ARMANDO DARIO,28004976,2,0
301,CANNONE,MARIA DE LOS ANGELES,17095767,2,0
302,CANNONE,ROBERTO CARLOS,28004977,2,0
303,CANNONE GENZONE,MARTINA,44115151,2,0
304,CANO,CLAUDIO GERMAN,23915575,2,0
305,CANO,ELIDA BLANCA,3919851,2,0
306,CANO,JUAN ANDRES,24525583,2,0
307,CANO,JUAN MARCELO DELFOR,33348958,2,0
308,CANO,LIA HAYDEE,4433977,2,0
309,CANO SORIA,CANDELA DE LOS MILAGROS,46629326,2,0
310,CANO SORIA,RODRIGO HECTOR HERNAN,44518729,2,0
311,CANO SORIA,TANIA SOLEDAD,46629325,2,0
312,CAÑETE,VERONICA BELEN,39188500,2,0
313,CAPPELLETTI,ARACELI,36903053,2,0
314,CAPPI,IARA MARINA,37982547,2,0
315,CARABAJAL,BLANCA SUSANA,18498562,2,0
316,CARABAJAL ARIAS,BRISA DEL VALLE,45417882,2,0
317,CARBALLO,NATIVIDAD,10707827,2,0
318,CARCAMO HURTADO,FRANCO ABRAHAM,37836018,2,0
319,CARCAMO HURTADO,JORGE JONATAN EZEQUIEL,35885401,2,0
320,CARDENAS,DIEGO DANIEL,36110360,2,0
321,CARDENAS,FRANCISCO DOMINGO,38602471,2,0
322,CARDENAS,MARIO ALBERTO,33002409,2,0
323,CARDOZO,IVAN GONZALO,41097766,2,0
324,CARDOZO,MIGUEL ANTONIO,16081507,2,0
325,CARDOZO,ROSA,12748050,2,0
326,CAROSELLA,HECTOR M,5205265,2,0
327,CARRARO,ALEJANDRO MARTINIANO,44495105,2,0
328,CARRICABURU,MARIELA NOEMI,22369508,2,0
329,CARRIZO,JULIO ELEUTERIO,30668339,2,0
330,CARRO,VANINA GABRIELA,34115665,2,0
331,CARUK,ADRIANA SILVIA,13094068,2,0
332,CASAFUS,LUDMILA MAGDALENA,44646711,2,0
333,CASAFUS,ROQUE DANIEL,27346891,2,0
334,CASAMAYOU,DAIANA LUJAN,35211785,2,0
335,CASAMAYOU,ESTEBAN FEDERICO,38549673,2,0
336,CASAMAYOU,HORACIO ANDRES,37013479,2,0
337,CASAMAYOU,HORACIO ARMANDO,17076919,2,0
338,CASAMAYOU,VALERIA LUJAN,36213701,2,0
339,CASAROTTO,VERONICA ALEJANDRA,29032280,2,0
340,CASAS,SERGIO DAMIAN,24678096,2,0
341,CASINGHINO,AGUSTIN,31938214,2,0
342,CASINGHINO,HÉCTOR OSCAR,8108078,2,0
343,CASINGHINO,MARIA DE LOS MILAGROS,37369662,2,0
344,CASINGHINO,SILVANA,32584632,2,0
345,CASTAÑO,ESTEBAN JOSE,17643528,2,0
346,CASTAÑO,MARIA ISABEL,16846915,2,0
347,CASTAÑO,MARIO CESAR,24530530,2,0
348,CASTAÑO,MARTA CECILIA,29908096,2,0
349,CASTAÑO,RICARDO MARTIN,26022530,2,0
350,CASTAÑO,ROGELIO NICOLAS,38637862,2,0