1,WAGNER,GABRIELA ALEJANDRA,29827225,10,0
2,WALKER,BRAIAN,34115740,10,0
3,WALKER,DEBORA EUGENIA,25814863,10,0
4,WALKER,FLORENCIA,28648931,10,0
5,WALKER,GRACIELA ALCIRA,11827041,10,0
6,WALKER,GUILLERMO FEDERICO,27626331,10,0
7,WALKER,GUILLERMO ROBERTO,5217696,10,0
8,WALKER,GUSTAVO ALFREDO,13543402,10,0
9,WALKER,ILEANA SOLEDAD,25269491,10,0
10,WALKER,JORGE ROBERTO,8317133,10,0
11,WALKER,LUISINA,44518734,10,0
12,WALKER,MAXIMILIANO JOEL,38863223,10,0
13,WALKER,RICARDO ALBERTO,10748792,10,0
14,WALKER,SABRINA MARISOL,26099927,10,0
15,WALKER ESPONDA,GUSTAVO SEBASTIAN,31598073,10,0
16,WALKER ESPONDA,LUCIANO ROBERTO,34115754,10,0
17,WEBER,MARGARITA LORENA,27322056,10,0
18,WEIDL,MANUEL ALBERTO,36889726,10,0
19,WEIS,LIDIA INES,24655701,10,0
20,WELSCH,GLADYS LUJAN,20316106,10,0
21,WELSCH,MARTHA ISABEL,18457178,10,0
22,WILA,ELSA GRACIELA,12991916,10,0
23,WILA,GRACIELA BEATRIZ,34115791,10,0
24,WILA,MARIANA ELISABET,40093261,10,0
25,WILA,ROBERTO ADRIAN,37915065,10,0
26,WILCHES,JORGE OMAR,7702953,10,0
27,WILLIAMS,FELIPE MARIA,41472615,10,0
28,WILLIAMS,MARIANO OWEN,38176460,10,0
29,WILLIAMS,MARTIN,44599804,10,0
30,WILLIAMS,SILVIA MARIA,13213051,10,0
31,WOLFSTELLER,ALICIA ELSA,83955,10,0
32,WONEMBURGER,MARIA VERONICA,24269851,10,0
33,YBARRA,EDUARDO ENRIQUE,16628395,10,0
34,YOUNG,ROBERTO SANTIAGO,10096601,10,0
35,ZABALA,CLAUDIO FEDERICO,28928840,10,0
36,ZABALA,DARIO OMAR,27604298,10,0
37,ZABALA,GONZALO,41025636,10,0
38,ZABALA,GRACIELA PAMELA,29860499,10,0
39,ZABALA,JUAN ANTONIO,26409752,10,0
40,ZABALA,LAURA BEATRIZ,4560500,10,0
41,ZABALA,MARIA JOSE,22516370,10,0
42,ZABALA,NESTOR RAUL,30288528,10,0
43,ZABALA,NILDA LUJAN,13543428,10,0
44,ZABALA,OLGA AURORA,4512806,10,0
45,ZABALA,OMAR,27572884,10,0
46,ZABALA,PEDRO RAUL,5210987,10,0
47,ZABALA,SANTIAGO DAVID,27379438,10,0
48,ZABALA,VALENTIN,41097730,10,0
49,ZABALZA,ADRIAN FERNANDO,12422221,10,0
50,ZABALZA,AGUSTINA,34115612,10,0
51,ZABALZA,ESTEFANIA,32030790,10,0
52,ZABALZA,MARINE,34115701,10,0
53,ZABULIS,NARCISO ROBERTO,7757458,10,0
54,ZALAZAR,JOAQUIN GONZALO,44132650,10,0
55,ZALAZAR,JORGE ALBERTO,18302113,10,0
56,ZALAZAR,JORGE JAVIER FERNANDO,34402271,10,0
57,ZALAZAR,LUCIANO ADRIAN,38399718,10,0
58,ZALAZAR,MATIAS ARIEL,43507899,10,0
59,ZAMUDIO,DANIELA ALEJANDRA,28235726,10,0
60,ZAMUDIO,EMILIO ADALBERTO,12031498,10,0
61,ZAPATA,GRACIELA BEATRIZ,37885385,10,0
62,ZAPATA PLANES,CHRISTIAN HECTOR,25218945,10,0
63,ZELAYA,ENRIQUE ISAIAS,34729345,10,0
64,ZINNO,CARLOS ALBERTO,5207534,10,0
65,ZINNO,CARLOS DANIEL,20777431,10,0
66,ZINNO,NORMA BEATRIZ,16670727,10,0
67,ZINNO,ZULEMA EMILS,3146060,10,0
68,ZINNO ARBIO,ALEJANDRO DANIEL,40093300,10,0
69,ZINNO ARBIO,FLORENCIA BELEN,38863201,10,0
70,ZUBELET,HUGO RAUL,5216701,10,0
71,ZUBIRI,EVARISTO GABRIEL,41025635,10,0
72,ZUBIRI,NAZARENO MARTIN,40093265,10,0
73,ZUBIRI,SERGIO OMAR,16670722,10,0
74,ZUNINO,VANESA MARIA,22652898,10,0