1,DICCORRADO,GUILLERMO ADRIAN,23920582,4,0
2,DICCORRADO,GUILLERMO TOMAS,37915083,4,0
3,DICCORRADO,PATRICIO,41097772,4,0
4,DIEZ,HECTOR ENRIQUE,14314494,4,0
5,DINIRO,MARIA CLARA,17422163,4,0
6,DINIRO,TOMAS,37915036,4,0
7,DIPOLTO,ALBERTO MÁXIMO,20036419,4,0
8,DIPOLTO,ALICIA HILARIA,4082869,4,0
9,DIPOLTO,CARMEN INES,22610544,4,0
10,DIPOLTO,CLARO MARIA,5207509,4,0
11,DIPOLTO,JUANA DEL CARMEN,14139608,4,0
12,DIPOLTO,LUCAS NAHUEL,38852152,4,0
13,DIPOLTO,MARIA JULIA,3426220,4,0
14,DIPOLTO,OLGA SUSANA,27290210,4,0
15,DIPOLTO,RAMONA ELVIRA,3329199,4,0
16,DIPOLTO,SANTIAGO,45865536,4,0
17,DIPOLTO,SILVANA MARIA,25873999,4,0
18,DIRISIO,SABRINA LORENA,26842537,4,0
19,DIZ CORTES,MARIA LAURA,30425750,4,0
20,DOBAÑO,CIELO ABIGAIL,43799075,4,0
21,DOGLIOTTI,KARINA SUSANA,26655214,4,0
22,DOMECQ,BARBARA DAIANA,35868907,4,0
23,DOMECQ,DAIANA IVON,34412969,4,0
24,DOMINGUEZ,MARIA CRISTINA,20153723,4,0
25,DOMINGUEZ,VICTOR HUGO,11436686,4,0
26,DONIZZETTI,ANALIA VERONICA,22516360,4,0
27,DONIZZETTI,JORGE RAFAEL,27379435,4,0
28,DONIZZETTI,MARIA ALEJANDRA,21502089,4,0
29,DORADO,CRISTIAN BENJAMIN,23438448,4,0
30,DORADO,CRISTIAN MICHAEL,34115776,4,0
31,DORADO,CRISTINA ELIZABETH,22417157,4,0
32,DORADO,IVAN MAYCO,37915082,4,0
33,DORADO,KALEN ZACARIAS,41097716,4,0
34,DORADO,KEVIN ALEXIS,40093256,4,0
35,DORADO,MARCELA LILIANA,20035796,4,0
36,DORADO,MARIO BENJAMIN,32030787,4,0
37,DORADO,MIRTA MARINA,18344287,4,0
38,DORADO,SORAYA ANABELLA,38863226,4,0
39,DORCASBERRO,JUAN IGNACIO,32060122,4,0
40,DORCASBERRO,JUAN MANUEL,10363049,4,0
41,DORCASBERRO,MARIA CECILIA,34115647,4,0
42,DORCASBERRO,ZULEMA JOSEFA,12422203,4,0
43,DUARTE,ALFREDO,16118022,4,0
44,DUARTE,NORMA LUJAN,14245252,4,0
45,DUARTE,SASHA LUDMILA,44935016,4,0
46,DUFAU,ANA MARIA,13543405,4,0
47,DUFAU,IRMA NELLY,12422216,4,0
48,DUFAU,JUAN JOSE,11031115,4,0
49,DUFAU,MÓNICA VALERIA,37915049,4,0
50,DUFOUR,CLAUDIA MABEL,21845030,4,0
51,DUFUR,OSCAR ALBERTO,5319531,4,0
52,DUHALDE,DELIA GABINA,3918203,4,0
53,DUHALDE,LUIS ISMAEL,13543420,4,0
54,DUHALDE,YAMILA CARINA,43969087,4,0
55,DUPONEY,ALEJANDRO ALBERTO,24610370,4,0
56,DUPOUEY,EDGARDO SEBASTIAN,28194541,4,0
57,DUPOUEY,JULIETA,41097747,4,0
58,DUPOUEY,PEDRO ALBERTO,8372380,4,0
59,DUPUY,AILEN ABIGAIL,44115155,4,0
60,DUPUY,ALEJANDRO EZEQUIEL,38863219,4,0
61,DUPUY,CARLOS EZEQUIEL,21921719,4,0
62,DUPUY,JUAN ALBERTO,17422153,4,0
63,DUPUY,MACARENA ISABEL,38863220,4,0
64,DUPUY,MARTINA MABEL,44518745,4,0
65,DUPUY,PATRICIA RAFAELA,17422154,4,0
66,DUPUY,SANDRA CECILIA,18344286,4,0
67,DUPUY,SANTIAGO RAFAEL,44518744,4,0
68,DUPUY,SERGIO DANIEL,20441327,4,0
69,DURANTE,CAROLINA JAEL,39065349,4,0
70,DURANTE,CRISTIAN GUSTAVO,34690863,4,0
71,DURANTE,GERMAN ARIEL,36897515,4,0
72,DURANTE,GUSTAVO ALFREDO,20510337,4,0
73,DUVAL,MARIA BELEN,36636061,4,0
74,ECEIZA,JONATHAN DANIEL,37054623,4,0
75,ECHAIDE,CLAUDIA SILVINA,30230175,4,0
76,ECHART,NORMA CRISTINA,16670716,4,0
77,ECHART,SANDRA MARIA,20036531,4,0
78,ECHEGOYEN,DANIEL ALBERTO,26307779,4,0
79,ECHEGOYEN,DOMINGO ALBERTO,5216605,4,0
80,ECHEGOYEN,KATHERINE MIA,44115163,4,0
81,ECHEGOYEN,SILVINA ANABELA,33876290,4,0
82,ECHEMENDI,JUAN,1175823,4,0
83,ECHEMENDI,JUAN CARLOS,14737857,4,0
84,ECHEMENDI OAÑA,REBECA INÉS,44518782,4,0
85,ECHEMENDI OAÑA,REGINA DOLORES,44518783,4,0
86,ECHEVERRIA,AXEL ALEJANDRO,41097707,4,0
87,ECHEVERRIA,CARMEN ISABEL,13744973,4,0
88,ECHEVERRIA,CLAUDIO ANTONIO,23448072,4,0
89,ECHEVERRIA,GABRIEL ALEJANDRO,44518722,4,0
90,ECHEVERRIA,JESUS OMAR,32060105,4,0
91,ECHEVERRIA,JOSE ANTONIO,30288889,4,0
92,ECHEVERRIA,LUIS M,5203083,4,0
93,ECHEVERRIA,MARIA ROSA,34115641,4,0
94,ECHEVERRIA,RODRIGO EZEQUIEL,44518721,4,0
95,ECHEVERRIA,ROSA BEATRIZ,12742404,4,0
96,ECHEVERRIA,SOL CELESTE,34115726,4,0
97,ECHEVERRIA,VERONICA ESTHER,32030800,4,0
98,ECHEVERRIA,VICTOR RUBEN,32060144,4,0
99,ECKERDT,CLAUDIA ROMINA,37021939,4,0
100,ELISEIRI,LUCAS VALENTIN,44518741,4,0
101,ELIZALDE,NESTOR OMAR,28289408,4,0
102,ENCARNACION,CLELIA,10359642,4,0
103,ENRIQUEZ,ALBERTO REYNALD,5205957,4,0
104,ENRIQUEZ,JUAN CARLOS,12351329,4,0
105,ENRIQUEZ,ORLANDO RAUL,12135407,4,0
106,ENRIQUEZ,SANTA MARCELINA,29886043,4,0
107,ENRRIQUEZ,GUSTAVO DAVID,36304793,4,0
108,EPELE,CHRISTIAN DARIO,40079178,4,0
109,EPELUA ALVAREZ,ALDANA,37915025,4,0
110,EQUIZA,JUAN RAMON,30230182,4,0
111,ERISTA,ELENA MABEL,14139613,4,0
112,ERISTA,JULIO ARGENTINO,1176767,4,0
113,ERRO,AMELIA T,5481547,4,0
114,ERRO,ETEL NOEL,3426214,4,0
115,ERRO,PATRICIA MARCELA,17941496,4,0
116,ESCALANTE,MARIA LAURA,32967032,4,0
117,ESCOBAR,JORGE,13978349,4,0
118,ESEIZA,CAROLINA MARISOL,34115744,4,0
119,ESEIZA,CHRISTIAN MANUEL O,25991404,4,0
120,ESEIZA,DEBORA ELISABETH,28990341,4,0
121,ESEIZA,EDUARDO ISMAEL,14325989,4,0
122,ESEIZA,FERNANDO EZEQUIEL,41097753,4,0
123,ESEIZA,GISELE KARINA,33269487,4,0
124,ESEIZA,JULIO ALBERTO,10565484,4,0
125,ESPINDOLA,ESTER ALICIA,24918097,4,0
126,ESPINDOLA,KAREN DAIANA,41140918,4,0
127,ESPINDOLA,LAUTARO MARIANO,42544736,4,0
128,ESPINDOLA,MARISOL,36608751,4,0
129,ESPINOLA,GREGORIA BEATRIZ,17752077,4,0
130,ESPINOSA,FERNANDA EDITH,33856584,4,0
131,ESPONDA,GONZALO FABIAN,40093272,4,0
132,ESPONDA,JORGE,12991925,4,0
133,ESPONDA,JORGE LUIS,33348959,4,0
134,ESPONDA,MACARENA PAOLA,32060103,4,0
135,ESPONDA,NILDA ESTHER,14139622,4,0
136,ESPONDA,OLGA EVA,10748798,4,0
137,ESPOSITO,ALVARO HEBERT,41025673,4,0
138,ESPOSITO,ANA CAROLINA,29454803,4,0
139,ESPOSITO,BRUNO HERNAN,38863208,4,0
140,ESPOSITO,GERARDO JOAQUIN,37915011,4,0
141,ESPOSITO,JONATAN VICTORIO,40093264,4,0
142,ESPOSITO,LUCIANA NOELIA,33348960,4,0
143,ESPOSITO,LURDES JOSEFINA,40093267,4,0
144,ESPOSITO,RODRIGO EZEQUIEL,34115722,4,0
145,ESPOSITO VIDAL,ELBA TERESA,22132229,4,0
146,ESQUIVEL,ALCIDES DE JESUS,35435341,4,0
147,ESQUIVEL,MARIANA VALERIA,27181385,4,0
148,ESTABIL,BLANCA JUDHIT,10096830,4,0
149,ESTABIL,BRAIAN,44518747,4,0
150,ESTABIL,CAMILA,42685892,4,0
151,ESTABIL,DOMINGA ELINA,4560409,4,0
152,ESTABIL,ELIAS DAVID,40093263,4,0
153,ESTABIL,ELISA RAQUEL,542885,4,0
154,ESTABIL,FACUNDO DAVID,37915044,4,0
155,ESTABIL,JORGE MARCELO,21921705,4,0
156,ESTABIL,JORGELINA SOLEDAD,33348935,4,0
157,ESTABIL,LUJAN SERAFIN,4560466,4,0
158,ESTABIL,MARIA CECILIA,34115684,4,0
159,ESTABIL,SERGIO MATIAS,24973520,4,0
160,ESTABIL,TOBIAS,41313446,4,0
161,ESTELA,ELBA MARGARITA,13503202,4,0
162,ESTEYNOU,LUIS ANTONIO,13188822,4,0
163,ESTEYNOU,LUIS AUGUSTO,32060131,4,0
164,ESTEYNOU,PATRICIA FELICITAS,34115763,4,0
165,ESTIGARRIBIA,MIGUEL ANGEL,32777193,4,0
166,ESTRABEAU,DALMA GRACIELA,38304525,4,0
167,ESTRADAS,MARTA NOEMI,6392709,4,0
168,ESTRELLA,CARLINA,8325350,4,0
169,ETCHART,ANDREA YANINA,30564308,4,0
170,ETCHART,ESTEFANIA EMILCE,34115700,4,0
171,ETCHART,FIAMMA AYELEN,37915057,4,0
172,ETCHART,JOSE L,14139643,4,0
173,ETCHART,LAZARO DANILO,40093290,4,0
174,ETCHART,LUCAS MARTIN,44518705,4,0
175,ETCHART,LUIS ALBERTO,34115644,4,0
176,ETCHART,MARIA FABIANA,17422169,4,0
177,ETCHART,MARIO ALFREDO,5203019,4,0
178,ETCHART,MAXIMILIANO,34115775,4,0
179,ETCHART,NAHUEL,41097703,4,0
180,ETCHART,OSMAR ELIAS,47259213,4,0
181,ETCHART,WALTER DAVID,38863211,4,0
182,ETCHART,WALTER OMAR,16143220,4,0
183,ETCHEGOYEN ECHANDI,ANA MARIA,541346,4,0
184,ETCHEIMBORDE,ANGELA VANESA,34234599,4,0
185,ETCHEIMBORDE,JUAN ELEAZAR,14907989,4,0
186,ETCHEMENDY,AGUSTINA,34115789,4,0
187,ETCHEMENDY,CARLOS ALBERTO,14139607,4,0
188,ETCHEMENDY,CLAUDIO BERNARDO,16121586,4,0
189,ETCHEMENDY,DANILO ANDRES,28928838,4,0
190,ETCHEMENDY,EMILIANO,41097777,4,0
191,ETCHEMENDY,FANNY GUADALUPE,40093287,4,0
192,ETCHEMENDY,FRANCO EZEQUIEL,41097717,4,0
193,ETCHEMENDY,HECTOR GUILLERMO,11398989,4,0
194,ETCHEMENDY,JOSE A,10363030,4,0
195,ETCHEMENDY,JULIAN,38863207,4,0
196,ETCHEMENDY,LUCAS BERNARDO,41025639,4,0
197,ETCHEMENDY,MAXIMILIANO,34115630,4,0
198,ETCHEMENDY,PATRICIO,33348941,4,0
199,ETCHEMENDY,ROQUE NOEL,10854336,4,0
200,ETCHEMENDY,SABRINA,32030776,4,0
201,ETCHEMENDY,SILVIA BEATRIZ,12135415,4,0
202,ETCHEMENDY,VERONICA,32060139,4,0
203,ETCHEPARE,CHRISTOPHER LEONARDO,34115782,4,0
204,ETCHEPARE,HECTOR LEONARDO,12814791,4,0
205,ETCHEPARE,JENNIFER KATHERINE,40976712,4,0
206,ETCHEPARE,VANESA SOLEDAD,27918485,4,0
207,ETCHEPAREBORDA,BEATRIZ EDIT,5293712,4,0
208,ETCHEVERRY,JAIME AGUSTIN,33348943,4,0
209,ETCHEVERRY,JUAN PEDRO,14139605,4,0
210,ETCHEVERRY,MARIA PAZ,34115682,4,0
211,ETCHEVERRY,RAFAEL ADOLFO,34791771,4,0
212,ETULAIN,ELSA SUSANA,17050047,4,0
213,FAGA,DOMINGO FRANCISCO,44518762,4,0
214,FAGA,PABLO HERNAN,22840907,4,0
215,FAHEY,CARLOS RUBEN,17375424,4,0
216,FAHEY,CAROLINA,34115751,4,0
217,FAHEY,JUAN CARLOS,5203011,4,0
218,FAHEY,JUAN DOMINGO,32387797,4,0
219,FAHEY,MACARENA,37915092,4,0
220,FAHEY,MARIA ANGELICA,26318545,4,0
221,FALCO,GABRIELA MABEL,21469900,4,0
222,FALCO,HECTOR FELIX,7661525,4,0
223,FALCONNAT,ELIANA ELIZABETH,31999083,4,0
224,FARIAS,GABRIEL ADRIAN,26468809,4,0
225,FARIAS,MIGUEL ANGEL,20979910,4,0
226,FARIAS,MIGUEL ANGEL EZEQUIEL,37054546,4,0
227,FARIAS,ROCIO ELISABET,42391854,4,0
228,FAYAD,MIGUEL ANGEL,35417208,4,0
229,FEDERICCI,LUIS ALBERTO,41099771,4,0
230,FEGAN,GLORIA DE LOS ANGELES,26099890,4,0
231,FEGAN,MELBA JUDITH,27290227,4,0
232,FEGAN,PATRICIO NARCISO,30021659,4,0
233,FERNANDEZ,ALBERTO GABRIEL,22489303,4,0
234,FERNANDEZ,ALBERTO JOSE,5189242,4,0
235,FERNANDEZ,ANA MARIA,33588039,4,0
236,FERNANDEZ,ANALIA ANGELICA,13188889,4,0
237,FERNANDEZ,ANALIA FERNANDA,28532928,4,0
238,FERNANDEZ,BRAIAN DAVID,40810861,4,0
239,FERNANDEZ,CAMILA ORIANA,41097789,4,0
240,FERNANDEZ,DELFIN ANGEL,10769683,4,0
241,FERNANDEZ,DORA MARGARITA,14608917,4,0
242,FERNANDEZ,FRANCO EZEQUIEL,37915042,4,0
243,FERNANDEZ,GASTON CESAR,23456452,4,0
244,FERNANDEZ,GUILLERMO,12143511,4,0
245,FERNANDEZ,GUILLERMO ANTONIO,17343842,4,0
246,FERNANDEZ,GUILLERMO BENJAMIN,22350665,4,0
247,FERNANDEZ,JORGE ALBERTO,14245052,4,0
248,FERNANDEZ,JORGE ANTONIO,40129182,4,0
249,FERNANDEZ,JOSE ALBERTO,27328292,4,0
250,FERNANDEZ,MARIA FLORENCIA,33828641,4,0
251,FERNANDEZ,MARIANA SOLEDAD,31168536,4,0
252,FERNANDEZ,MIRTA GLADYS,12962952,4,0
253,FERNANDEZ,OLIVIA ETELVINA,3911830,4,0
254,FERNANDEZ,PATRICIO MARCELO,24451819,4,0
255,FERNANDEZ,ROCIO SOLEDAD,39811016,4,0
256,FERNANDEZ,ROMINA GISELA,33037597,4,0
257,FERNANDEZ,TERESITA MABEL,30490386,4,0
258,FERNANDEZ,VICTOR ALEJANDRO,37429506,4,0
259,FERNANDEZ,VIRGINIA LUCRECIA,28570108,4,0
260,FERNANDEZ,ZULMA ESTER,31538619,4,0
261,FERNANDEZ NAVIA,EZEQUIEL,41399980,4,0
262,FERRARI,RODRIGO NAHUEL,41685297,4,0
263,FERRE,ROBERTO ABEL,11394698,4,0
264,FERRERO,VICTORIA ELOIZA,30092818,4,0
265,FERREYRA,BAUTISTA EDILIO,42461885,4,0
266,FERREYRA,EMILIA ESTHER,11818898,4,0
267,FERREYRA,JACQUELINE,39067586,4,0
268,FERREYRA,KARINA ROSA,39165000,4,0
269,FERREYRA,MARCELO,17373878,4,0
270,FERREYRA,MARCELO RAUL,13744921,4,0
271,FERREYRA,MARIA AMALIA,37915017,4,0
272,FERREYRA,MARIA ISABEL,37915016,4,0
273,FERREYRA,MARTIN GABRIEL,20036436,4,0
274,FERREYRA,SONIA SUSANA,17692069,4,0
275,FIDADO,ALICIA GABRIELA,18545719,4,0
276,FIGOLI,MIRIAM ESTER,25866653,4,0
277,FIGUEROA,ADRIAN DIEGO,29860488,4,0
278,FIGUEROA,AGUSTINA,41097719,4,0
279,FIGUEROA,DARIO SERGIO,24973514,4,0
280,FIGUEROA,EDGARDO ARIEL,30288899,4,0
281,FIGUEROA,HERNAN ATILIO,23915551,4,0
282,FIGUEROA,MAGALI,41097799,4,0
283,FIGUEROA,MATEO,44115175,4,0
284,FIGUEROA,NADIA TAMARA,34115747,4,0
285,FIGUEROA,SILVIO DANIEL,27918488,4,0
286,FIGUEROA BARRIOS,INGRID,44518703,4,0
287,FILIPPA,ALEJANDRO DANIEL,20831375,4,0
288,FILIPPA,SEBASTIAN GABRIEL,23657892,4,0
289,FILOCAMO,NORMA EDITH,13188859,4,0
290,FILOCAMO,VERONICA LILIANA,36812039,4,0
291,FINOCHIETTO,ABEL SANTIAGO,5213857,4,0
292,FINOCHIETTO,ADELA RAQUEL,4433973,4,0
293,FINOCHIETTO,CELICA SUSANA,31044920,4,0
294,FINOCHIETTO,DELIA LUJAN,8779660,4,0
295,FINOCHIETTO,HUMBERTO DANIEL,5210932,4,0
296,FINOCHIETTO,HUMBERTO LUCAS,25873985,4,0
297,FINOCHIETTO,JUAN JOSE,5216618,4,0
298,FINOCHIETTO,JUAN SANTIAGO,32030777,4,0
299,FINOCHIETTO,MARCELA HAYDEE,23915569,4,0
300,FINOCHIETTO LEJONA,MARIA ELENA,9959797,4,0
301,FINOCHIETTO MINGHETTI,DANTE ESTEBAN,44518787,4,0
302,FINOCHIETTO MINGHETTI,ENZO LUCAS,41097713,4,0
303,FLEITA,FABIANA AYLEN,45466744,4,0
304,FLEITES,FRANCO NICOLAS,41991268,4,0
305,FLEITES,JONATAN EZEQUIEL,38529274,4,0
306,FLEITES,MARIANA SOLEDAD,39349130,4,0
307,FLEITES,RICARDO FABIAN,41104170,4,0
308,FLEITES,ROBERTO ENRIQUE,14688280,4,0
309,FLORES,CARLOS MARIA,46144041,4,0
310,FLORES,MARIA NATALIA,21808371,4,0
311,FONDOVILA,BRANCO DANILO,41025640,4,0
312,FONDOVILA,FABIO GABRIEL,33645773,4,0
313,FONDOVILA,FLAVIA ROMINA,32700012,4,0
314,FONDOVILA,JEREMIAS OLBEIN,44518707,4,0
315,FONDOVILA,JULISSA ROSARIO,40093293,4,0
316,FONDOVILA,RUBEN HORACIO,14907932,4,0
317,FORCHINITO,JUAN CARLOS,14060314,4,0
318,FORCINITI,VALERIA ELIZABETH,21868748,4,0
319,FOSSATI,LAURA VALERIA,20636674,4,0
320,FOURCADE,JORGE ALBERTO,27053694,4,0
321,FRACCHIA,ABRIL,44518784,4,0
322,FRACCHIA,ADRIAN ESTEBAN,20748239,4,0
323,FRACCHIA,SANTIAGO,41097741,4,0
324,FRACCHIA,SEBASTIAN JULIO,30486691,4,0
325,FRAILUNA,SOFIA,46813140,4,0
326,FRANCISCATOS,ARTURO FEDERICO,28928839,4,0
327,FRANCISCATOS,HUGO RUBEN,12742409,4,0
328,FRANCISCATOS,JUAN FERNANDO,5216640,4,0
329,FRANCISCATOS,MARCELO FERNANDO,24414526,4,0
330,FRANCISCATOS,MARIA JUANA,6230813,4,0
331,FRANCISCATOS,MARIA LORENA,21502097,4,0
332,FRANCISCATOS,NESTOR ADRIAN,27060728,4,0
333,FRANCISCATOS,OSMAR NICOLAS,5210946,4,0
334,FRANCISCATOS,PAOLA ROMINA,27918478,4,0
335,FRANCO,CAROLINA YISELA,35099121,4,0
336,FRANCO,ERALDO FEDERICO,34468182,4,0
337,FRANCO,MAIRA LUCIA,34857226,4,0
338,FRANCO,MELISA CELINA,28308457,4,0
339,FRANCO CALO,AGUSTINA VALENTINA,49223039,4,0
340,FRANCO CALO,VALENTIN AGUSTIN,43605246,4,0
341,FRANK,GUSTAVO DANIEL,30615830,4,0
342,FREDES,MÓNICA DEL CARMEN,20036443,4,0
343,FREDES,SANTIAGO,41097792,4,0
344,FREDES,SERGIO DARIO,22928174,4,0
345,FRIAS,MATIAS DEL JESÚS,40531022,4,0
346,FRIAS,PATRICIA ANDREA,25240172,4,0
347,FUENTE,ELENA NOEMI,12742419,4,0
348,FUENTE,JOAQUIN,32030793,4,0
349,FUENTE,MARIA CECILIA,25459023,4,0
350,FUENTE,MARIA INES,28928837,4,0