1,FUENTE,OLGA BEATRIZ,14139634,5,0
2,FUENTES,MARTIN MANUEL,37014598,5,0
3,FUERTES MARTINEZ,LEONARDO JAVIER,30870265,5,0
4,FUERTES MARTINEZ,PABLO ARIEL,28769105,5,0
5,FUHR,HAYDEE,3981684,5,0
6,FUNES,AGUSTIN EDUARDO,20035812,5,0
7,FUNES,AGUSTINA,46629322,5,0
8,FUNES,ANIBAL GUILLERMO,14346715,5,0
9,FUNES,CARLOS DARIO,17705474,5,0
10,FUNES,DELFINA,41097796,5,0
11,FUNES,GUILLERMO MATIAS,36372357,5,0
12,FUNES,MARCOS,25459012,5,0
13,FUNES,MARIA FERNANDA,37629147,5,0
14,FUNES,MARIA LUZ,35354818,5,0
15,FUNES,MARTIN EZEQUIEL,22876099,5,0
16,FUNES,MARTIN NICOLAS,40298064,5,0
17,FUNES,MARTINA,44115152,5,0
18,FUNES,MAXIMILIANO ISMAEL,36187457,5,0
19,FUNES BICERNE,MANUEL,44518728,5,0
20,GAGGINI,LUCIANA DEL VALLE,33891841,5,0
21,GALEONE,ANABELA,26926463,5,0
22,GALLARDO,NADIA NATALI,34391935,5,0
23,GALLINO,FERNANDO JOSÉ,4406122,5,0
24,GALLINO,JORGE HORACIO,4381437,5,0
25,GALLIUSSI,EDITH MARIELA,18395677,5,0
26,GALLO,EZEQUIEL,38863209,5,0
27,GALLO,GERALDINE,34115695,5,0
28,GALLO,JUAN CARLOS,16477406,5,0
29,GALLO,JUAN CRUZ,37915038,5,0
30,GALLO,RODRIGO DAMIAN,41097784,5,0
31,GALLO,YESICA DAIANA,34115620,5,0
32,GAMBOA,AGUSTIN ALBERTO,44518756,5,0
33,GAMBOA,ALBERTO ENRIQUE,12742401,5,0
34,GAMBOA,ALBERTO HORACIO,16121598,5,0
35,GAMBOA,ANGEL FABIAN,16847891,5,0
36,GAMBOA,ESTEFANIA,44536169,5,0
37,GAMBOA,MARIA BELEN,36988782,5,0
38,GAMBOA,MARIANA ELIZABETH,40656280,5,0
39,GAMBOA,MARTA GLADYS,14139638,5,0
40,GAMBOA,SABRINA,31168545,5,0
41,GAMBOA,YONATAN FABIAN,34115649,5,0
42,GAMBOA CUELLO,PABLO,32030797,5,0
43,GARAY,ALEXIS NAHUEL,36499754,5,0
44,GARAY,AMELIA GRISELDA,10363048,5,0
45,GARAY,ANIBAL ROBERTO,8703576,5,0
46,GARAY,BELMA MICAELA,44518723,5,0
47,GARAY,CAMILA AMARANTA,40093282,5,0
48,GARAY,DIANA ANDREA,32429832,5,0
49,GARAY,EVA EDILIA,4560458,5,0
50,GARAY,JORGE OSCAR,11398994,5,0
51,GARAY,JUAN JOSE,44518770,5,0
52,GARAY,JULIAN ULISES,29472588,5,0
53,GARAY,MARIA CINTIA,25798856,5,0
54,GARAY,MARIANO JAIME,31044924,5,0
55,GARAY,MARTA DELIA,6230828,5,0
56,GARAY,MOIRA MACARENA,28570241,5,0
57,GARAY,PAOLA ANDREA,27625172,5,0
58,GARAY,RAMON ALFREDO,13543412,5,0
59,GARAY,SASHA ETIANA,39279379,5,0
60,GARAY,SILVIA SOLEDAD,26409758,5,0
61,GARAY,YESICA MAITEN,33448774,5,0
62,GARAY CANNONE,JUAN IGNACIO,40093284,5,0
63,GARAY CANNONE,MARIA LUJAN,44115153,5,0
64,GARCIA,ANA MARIELA,31785324,5,0
65,GARCIA,ANDREA ISABEL,29454806,5,0
66,GARCIA,BENEDITO RODOLFO,11365911,5,0
67,GARCIA,CESAR NICOLAS,36868947,5,0
68,GARCIA,EMMANUEL MARIO DAVID,28928833,5,0
69,GARCIA,EZEQUIEL RAUL,33348932,5,0
70,GARCIA,FABIO A,20036536,5,0
71,GARCIA,JULIAN ALBERTO,38436810,5,0
72,GARCIA,JULIO ALBERTO,11768198,5,0
73,GARCIA,KATERINA NATALIA,44654572,5,0
74,GARCIA,LAUREANO JOSE,34115622,5,0
75,GARCIA,MABEL NOEMI,10769529,5,0
76,GARCIA,MARIA DEL HUERTO,4706378,5,0
77,GARCIA,MARIA EVANGELINA,34115712,5,0
78,GARCIA,MARIA JOSE,28289167,5,0
79,GARCIA,MARIA LUJAN,25459013,5,0
80,GARCIA,MOIRA NATALIA,24999665,5,0
81,GARCIA,NESTOR ALFONSO,12914814,5,0
82,GARCIA,NESTOR GABRIEL,16677624,5,0
83,GARCIA,NESTOR VICTOR,8385686,5,0
84,GARCIA,RAUL LAUREANO,10738875,5,0
85,GARCIA,SANDRA BEATRIZ,30582042,5,0
86,GARCIA,YESICA AMALIA NATALIA,29860493,5,0
87,GARCIA LARRIESTRA,MARIA JULIA,12591235,5,0
88,GARCIA PEREYRA,ANA PAULA,30016521,5,0
89,GARCIA PEREYRA,LUCIANO,34115678,5,0
90,GARCIA PEREYRA,NESTOR VICTOR,29091296,5,0
91,GARCIA PEREYRA,VALENTINA,40093254,5,0
92,GARDON,LUCRECIA,34924896,5,0
93,GARDON,MATIAS ARIEL,32421643,5,0
94,GARIBOTTO,SEBASTIAN PABLO,28644281,5,0
95,GARMENDIA,CARLOS ALBERTO,11931496,5,0
96,GARRALDA,SEBASTIAN,34466217,5,0
97,GASTEASORO,REYNALDO RAMON,25306522,5,0
98,GASTEASORO,ROCIO MARIEL,40547275,5,0
99,GATES,MARIA MARTA,35083007,5,0
100,GATES,NORMA BEATRIZ,29494924,5,0
101,GATES,RAUL ALBERTO,38549739,5,0
102,GATES,RICARDO GASTON,39769641,5,0
103,GAUNA,DIGNA,11171730,5,0
104,GAVOTTO,ELSA JUANA,3881283,5,0
105,GAY,MALVINA SOLEDAD,28759585,5,0
106,GENZONE,ANA MELINA,32060143,5,0
107,GENZONE,ARIEL E,14737877,5,0
108,GENZONE,ELINA IRENE,37915096,5,0
109,GENZONE,FERNANDO DAVID,21921712,5,0
110,GENZONE,FERNANDO ERNESTO,30288894,5,0
111,GENZONE,HECTOR ANASTASIO,11827027,5,0
112,GENZONE,JOSE MARCELO,5207560,5,0
113,GENZONE,JULIO CESAR,17782760,5,0
114,GENZONE,JULIO N,5203091,5,0
115,GENZONE,LILIANA BEATRIZ,21502090,5,0
116,GENZONE,LUISINA,41097759,5,0
117,GENZONE,MARIELA ADRIANA,31598075,5,0
118,GENZONE,MICAELA AGUSTINA,40093295,5,0
119,GENZONE,OSVALDO ELICEO,12742403,5,0
120,GENZONE,ROCIO,41025682,5,0
121,GETZFRIED,MARISA CARINA,26026003,5,0
122,GHINZANI,HERNAN RODOLFO,26100015,5,0
123,GHINZANI,YANINA ALEJANDRA,27689546,5,0
124,GIACOBINI,LORENA ANDREA,36289209,5,0
125,GIACOY,FACUNDO LUJAN,41670913,5,0
126,GIL,MARIA JOSE,37673525,5,0
127,GILES,ANGEL ESTEBAN,18422082,5,0
128,GILES,DAIANA,35797437,5,0
129,GILES,DANIEL AGUSTIN,40093299,5,0
130,GILES,ELSA SUSANA,4200748,5,0
131,GILES,ESTEBAN FERNANDO,37915068,5,0
132,GILES,EZEQUIEL OMAR GALO,33715396,5,0
133,GILES,GERONIMO,41025667,5,0
134,GILES,MARIA ISABEL,23915563,5,0
135,GILES,MELISA,37492260,5,0
136,GILES,NANCY ETEL,20777441,5,0
137,GILES,OSCAR HUMBERTO,12422208,5,0
138,GILES,PEDRO DARIO,16670712,5,0
139,GILES,SILVIA BEATRIZ,12991948,5,0
140,GIMENEZ,ANGEL LUIS,28006231,5,0
141,GIMENEZ,FERNANDO ANDRES,29881417,5,0
142,GIMENEZ,MARIA SOLEDAD,34042498,5,0
143,GINI,ANDREA PATRICIA,22851165,5,0
144,GINI,FLORENCIA,32260304,5,0
145,GINI,GABRIEL,33348946,5,0
146,GINI,GONZALO,37915075,5,0
147,GINI,HUGO,11031112,5,0
148,GINI,JUAN ESTEBAN,22710351,5,0
149,GINI,MARIA ERNESTINA,6230811,5,0
150,GINI,MARIA JOSE,17941488,5,0
151,GINI,MARIA SOLEDAD,32060107,5,0
152,GINI,MARIELA,27379420,5,0
153,GINI,PAOLA DANIELA,27918490,5,0
154,GINI,SILVIA NOEMI,14139632,5,0
155,GIOFFRE ROMAO,FACUNDO,29659748,5,0
156,GIROD,FLAVIA PAOLA,40091991,5,0
157,GLODSWORTHY,WALTER SEBASTIAN,30490506,5,0
158,GNESETTI,AGUSTINA,46186658,5,0
159,GNESETTI,CRISTIAN JOSE,24817134,5,0
160,GNESETTI,LUANA,44536126,5,0
161,GODOY,ADRIANA NOEMI,24122494,5,0
162,GODOY,ANDREA ROMINA,39538703,5,0
163,GODOY,DOMINGO IGNACIO,7827621,5,0
164,GODOY,EULALIA BEATRIZ,28316203,5,0
165,GODOY,YENIFER,34881796,5,0
166,GODSWORTHY,DORA EDITH,5909927,5,0
167,GODSWORTHY,MARTIN,28807681,5,0
168,GOITY,ELIAS,32060102,5,0
169,GOITY,GERONIMO,30288874,5,0
170,GOITY,HERIBERTO ANDRES,12422210,5,0
171,GOITY,JUAN FRANCISCO,32060136,5,0
172,GOITY,LORENZO DAMIAN,38959723,5,0
173,GOITY,MARIA AGUSTINA,34115685,5,0
174,GOITY,MARIA CONSTANZA,37369643,5,0
175,GOITY,MARIA ELVIRA,6230827,5,0
176,GOITY,MARIA ERMINIA,31598058,5,0
177,GOITY,MARIA JUANA,37915008,5,0
178,GOITY,MARIA MAGDALENA,29860486,5,0
179,GOITY,MARIA PAULA,41097743,5,0
180,GOLDSWORTHY,CLAUDIA SUSANA,27626442,5,0
181,GOLDSWORTHY,GLADYS GISELA,33642356,5,0
182,GOLDSWORTHY,IRMA SUSANA,12742422,5,0
183,GOLDSWORTHY,MARIA GIMENA,38959737,5,0
184,GOLDSWORTHY,ROBERTO SOLANO,27882528,5,0
185,GOLDSWORTHY,SOFIA EDITH,28990355,5,0
186,GOLLUSCIO,LILIAN GRACIELA,11340666,5,0
187,GOMEZ,ALEJANDRA SOLEDAD,34115738,5,0
188,GOMEZ,ARGENTINA,4020503,5,0
189,GOMEZ,ARIANA ALEXIA,37915013,5,0
190,GOMEZ,ARIANA MARYSOL,39684370,5,0
191,GOMEZ,CECILIA LUCRECIA PAOLA,30358285,5,0
192,GOMEZ,CLAUDIA GISELA,29860497,5,0
193,GOMEZ,DANIEL REINALDO,14737896,5,0
194,GOMEZ,ERNESTO RENE,12422219,5,0
195,GOMEZ,FAUSTO IVAN,41025633,5,0
196,GOMEZ,ISAIAS ALEJANDRO,41097721,5,0
197,GOMEZ,MARIA DANIELA,20902104,5,0
198,GOMEZ,MARIANA DEL CARMEN,30282221,5,0
199,GOMEZ,MARIANA TERESITA,34467214,5,0
200,GOMEZ,MERCEDES ITATI ELIZABET,31686235,5,0
201,GOMEZ,MONICA ELISABETH,35435381,5,0
202,GOMEZ,NESTOR RODOLFO,16670705,5,0
203,GOMEZ,NORMA DEL CARMEN,17978919,5,0
204,GOMEZ,RICARDO JAVIER,22876080,5,0
205,GOMEZ,RODRIGO EZEQUIEL,38549735,5,0
206,GOMEZ,ROMAN ELIAS,41025697,5,0
207,GOMEZ,ROSANA VANESA,23538891,5,0
208,GOMEZ,SERGIO ADRIAN,34758825,5,0
209,GOMEZ,YAMILA TAMARA,31044905,5,0
210,GOMEZ PEREYRA,MARCELA LILIANA,14845359,5,0
211,GONZALEZ,ANA PAULA,34115720,5,0
212,GONZALEZ,BETINA,29454804,5,0
213,GONZALEZ,BRIANT ALEJANDRO,41412628,5,0
214,GONZALEZ,CARLOS FEDERICO,12742423,5,0
215,GONZALEZ,CARLOS RUBEN,10479871,5,0
216,GONZALEZ,DANA SELENA,41097744,5,0
217,GONZALEZ,DANIEL AZELIO,34115618,5,0
218,GONZALEZ,ELIANA,25873989,5,0
219,GONZALEZ,EMILIO DANIEL,29860480,5,0
220,GONZALEZ,FACUNDO,34115780,5,0
221,GONZALEZ,FERNANDO ANIBAL,25422846,5,0
222,GONZALEZ,GRACIELA LIDIA,28871261,5,0
223,GONZALEZ,GUSTAVO,31944811,5,0
224,GONZALEZ,GUSTAVO DANIEL,20036530,5,0
225,GONZALEZ,GUSTAVO IVAN,38863230,5,0
226,GONZALEZ,HUMBERTO DANIEL,17782763,5,0
227,GONZALEZ,IGNACIO JOEL,40495226,5,0
228,GONZALEZ,JORGE A,5216668,5,0
229,GONZALEZ,JORGE ALBERTO,31168523,5,0
230,GONZALEZ,JOSE E,10621802,5,0
231,GONZALEZ,LIDIA ROSA,20207342,5,0
232,GONZALEZ,LUCIANO,33348937,5,0
233,GONZALEZ,LUZ ANTONIA,3766502,5,0
234,GONZALEZ,MARCELA VIVIANA,20777438,5,0
235,GONZALEZ,MARIA A,12991935,5,0
236,GONZALEZ,MARIA AGOSTINA,34115783,5,0
237,GONZALEZ,MARIA ANDREA,24455623,5,0
238,GONZALEZ,MARIA AZUCENA,14164191,5,0
239,GONZALEZ,MARIA INES,23915566,5,0
240,GONZALEZ,MARIA LUJAN,26464877,5,0
241,GONZALEZ,MARTIN DEMETRIO,5210923,5,0
242,GONZALEZ,MARTIN ESTEBAN,22840781,5,0
243,GONZALEZ,MATIAS ALEJANDRO,41025694,5,0
244,GONZALEZ,MIGUEL ANGEL,21602630,5,0
245,GONZALEZ,NILDA JOSEFA,4560484,5,0
246,GONZALEZ,OSMA,1747889,5,0
247,GONZALEZ,OSVALDA,11887108,5,0
248,GONZALEZ,ROBERTO CARLOS,37382128,5,0
249,GONZALEZ,RUBEN DARIO,12422201,5,0
250,GONZALEZ,RUBEN ROBERTO,17941492,5,0
251,GONZALEZ,SALVADOR JUAN CARLOS,12274639,5,0
252,GONZALEZ,SILVIO ORLANDO,34887903,5,0
253,GONZALEZ,SUSANA ESTER,26464876,5,0
254,GONZALEZ,VALERIA CAROLINA,33330587,5,0
255,GONZALEZ,VANESA ADRIANA,22848479,5,0
256,GONZALEZ ALEMAN,IGNACIO,29381278,5,0
257,GONZALEZ LEZCANO,LUCAS SEBASTIAN,40093292,5,0
258,GONZALEZ LIJO,MARIANA SOLEDAD,31651006,5,0
259,GONZALEZ TAVERNA,MARIA GABRIELA,31598068,5,0
260,GONZALEZ TAVERNA,MARIA PAULA,34115645,5,0
261,GONZALEZ TAVERNA,VERONICA ALICIA,32060135,5,0
262,GONZALEZ VARELA,ELENA ANAHI,34115668,5,0
263,GONZALEZ VARELA,MARIA CANDELA,40093280,5,0
264,GONZALEZ VARELA,NADIA GUADALUPE,29860491,5,0
265,GONZALIA,ELBA ESTER,5002386,5,0
266,GONZALIA,IARA VERONICA,44255284,5,0
267,GONZALIA,PATRICIA LUJAN,21567063,5,0
268,GOROSITO,CINTIA ELIZABETH,36213523,5,0
269,GOROSITO,GASTON ERNESTO,29494869,5,0
270,GOROSITO,IRMA HAYDEE,27480553,5,0
271,GORRASI,ELEONORA LARA,34404006,5,0
272,GRAGIARENA,DANIEL HERALDO,29860475,5,0
273,GRAGIARENA,JUAN EUGENIO,13543448,5,0
274,GRAGIARENA,JUAN GABRIEL,34115664,5,0
275,GRAGIARENA,JUAN HERALDO,1180770,5,0
276,GRAGIARENA,MARINA EUGENIA,30288885,5,0
277,GRAGIARENA,MATIAS MIGUEL ANGEL,28972036,5,0
278,GRAGIARENA,MIGUEL ANGEL,5216654,5,0
279,GRAGIARENA,VALENTINA,41097767,5,0
280,GRAMAJO,NELIDA ROSA,29962764,5,0
281,GRONDONA,ADELA ESTER,4455755,5,0
282,GUEVARA,DANIEL OMAR,12547141,5,0
283,GUILLAUMA,WALTER ARIEL,30847441,5,0
284,GULLA,MARIA DEL CARMEN,6146472,5,0
285,GUMELLI MARTINEZ,GABRIEL ALBERTO,36498348,5,0
286,GUTIERREZ,ALICIA ITATI,25036272,5,0
287,GUTIERREZ,CARINA NOEMI,26993048,5,0
288,GUTIERREZ,JUAN MANUEL,5309184,5,0
289,GUTIERREZ,JUAN MANUEL,40093291,5,0
290,GUTIERREZ,JUAN MARTIN,22199757,5,0
291,GUTIERREZ,LAUDELINA,27484552,5,0
292,GUTIERREZ,MARIA BELEN,37915084,5,0
293,GUTIERREZ,MONICA NOEMI,16139327,5,0
294,GUTIERREZ,NORMA MARCELA,29332402,5,0
295,GUTIERREZ AGUIAR,MARCO,44518781,5,0
296,GUZMAN,JOSE ANTONIO,22907018,5,0
297,GUZMAN,SEBASTIAN IGNACIO,37671990,5,0
298,GUZMAN,VIRGINIA,11501656,5,0
299,HAACKER,ALAN VALTER,34115692,5,0
300,HAACKER,CECILIA HAYDEE,18344290,5,0
301,HAACKER,GERTRUDIS ELENA,2936891,5,0
302,HAREZA,MARIA PAULA,29454808,5,0
303,HARTMANN,SEBASTIAN EMANUEL,37057645,5,0
304,HASPER,AMANDA SOLEDAD,29647717,5,0
305,HEANNA,DANIEL OSCAR,12532885,5,0
306,HEGUIABEHERE,MARIA LAURA,25041695,5,0
307,HERMIDA,AILEN,41025650,5,0
308,HERMIDA,ALDO ATILIO,26318583,5,0
309,HERMIDA,ALEXIS JAVIER,41097701,5,0
310,HERMIDA,GODOFREDO ATILIO,27559969,5,0
311,HERMIDA,GONZALO,34115654,5,0
312,HERMIDA,HEBER ATILIO,41097788,5,0
313,HERMIDA,HECTOR L,11160321,5,0
314,HERMIDA,JUAN IGNACIO,41097761,5,0
315,HERMIDA,MARIA CRISTINA,14139619,5,0
316,HERMIDA,MATIAS NAZARET,29454812,5,0
317,HERMIDA,NICOLAS,44518739,5,0
318,HERMIDA,OLGA ISABEL,18474003,5,0
319,HERMIDA,RODRIGO,37915040,5,0
320,HERMIDA,YANINA NATHALI,37915003,5,0
321,HERNANDEZ,AGUSTIN,23448075,5,0
322,HERNANDEZ,ELGA ESTELA,2827691,5,0
323,HERNANDEZ,FACUNDO TOMAS,29860489,5,0
324,HERNANDEZ,HERNÁN,22876082,5,0
325,HERNANDEZ,HILDA HIGINIA,8349136,5,0
326,HERNANDEZ,JOSE LUIS,5216680,5,0
327,HERNANDEZ,LUIS SANTIAGO,37915054,5,0
328,HERNANDEZ,MARIA CECILIA,25874000,5,0
329,HERNANDEZ,MIRTA ANGELICA,4560468,5,0
330,HERNANDEZ,REINALDO,27379432,5,0
331,HERNANDEZ,REINALDO I,5210966,5,0
332,HERNANDEZ,VANINA,23448057,5,0
333,HERNANDEZ,VERONICA,34115703,5,0
334,HERRERA,CLAUDIA VERONICA,34115784,5,0
335,HERRERA,JORGELINA ELIZABETH,30288897,5,0
336,HERRERA,JUAN ACRLOS ALBERTO,29147524,5,0
337,HERRERA,MIGUEL ERNESTO,31417329,5,0
338,HERRERA,MIRNA VALERIA CONSTANZA,18271292,5,0
339,HERRERA,NICOLAS ALEJANDRO,34115669,5,0
340,HERRERA,VICTOR ORLANDO,16421991,5,0
341,HIRSCHFELD,BENITO AURELIO,5936408,5,0
342,HIRSCHFELD,CELINA MABEL,21717615,5,0
343,HIRSCHFELD,EDITH LORENA,23624528,5,0
344,HIRSCHFELD,EZEQUIEL BENITO,26020471,5,0
345,HIRSCHFELD,JOSUE ERIC ALAN,35185272,5,0
346,HIRSCHFELD,JUDITH EDITH,35336430,5,0
347,HIRSCHFELD,NADIA GISELE,32396810,5,0
348,HIRSCHFELD,YESICA SABRINA,27949331,5,0
349,HUARANCA,YESICA LORENA,28869580,5,0
350,HUERTAS,JORGE OMAR,13642950,5,0