1,OLIVA,LUIS IGNACIO,37915035,8,0
2,OLIVA,MANUEL ENRIQUE,31598063,8,0
3,OLIVA,MARIA CRISTINA,18577552,8,0
4,OLIVA,MIRTA SUSANA,4560485,8,0
5,OLIVA,OSCAR ORLANDO,34115706,8,0
6,OLIVA,PIERINA LUAN,34115659,8,0
7,OLIVA,RAUL ALBERTO,32060138,8,0
8,OLIVA FEGAN,MELBA JASMIN,45132033,8,0
9,OLIVARES CHEUQUEPIL,DORISOLDE LUISA,18888015,8,0
10,OLIVERA,CYNTHIA YANINA,35559758,8,0
11,OLIVERA,JOSE LUIS,14517292,8,0
12,OLIVERA,NARELA ROCIO HAYDEE,45401070,8,0
13,OLIVERAS,ANGELA FLORENTINA,700723,8,0
14,ORDOÑEZ,ALEJANDRO LUCAS,10202639,8,0
15,ORELLANA,RAUL ADRIAN,18345624,8,0
16,ORIA,MARTIN ULISES,25041640,8,0
17,ORIA ECHEVERRIA,ANA ALCIRA,3421780,8,0
18,ORLANDO,ABEL CASIMIRO,11494100,8,0
19,ORLANDO,ENRIQUE ABEL,34234506,8,0
20,ORLANDO,MAURO ALFREDO,35073515,8,0
21,ORLANDO,PAMELA,31168654,8,0
22,ORLANDO,VALERIA,32128116,8,0
23,OROÑO,ELBA LEONOR,25520038,8,0
24,OROZCO,DANIEL ANIBAL,25683036,8,0
25,ORRUÑO,LAURA EDITH,20671039,8,0
26,ORTIZ,CLAUDIA MARISA,31792860,8,0
27,ORTIZ,MARIA DEL CARME,14484680,8,0
28,ORTIZ,RAQUEL HAYDEE,22097564,8,0
29,ORTIZ CHIRICOLA,LUDMILA AILEN,41955758,8,0
30,OTERO,MELINA MARIEL,34115603,8,0
31,OTERO,ROBERTO JOSE,10854451,8,0
32,OTERO,ROMINA GISELE,33348939,8,0
33,OVELAR,MARTIRES ANTONIO,33601736,8,0
34,OXANDABERRO,FACUNADO FERNANDO ELIAS,33348955,8,0
35,OXANDABERRO,HECTOR RAMON,5207529,8,0
36,OXANDABERRO,JUAN CARLOS,13503336,8,0
37,OXANDABERRO,JUAN CARLOS EMILIANO,32060134,8,0
38,OXANDABERRO,MARCELA BEATRIZ,21502099,8,0
39,OXANDABERRO,MARIA ANGELICA,14139645,8,0
40,OXANDABERRO,PATRICIA BEATRIZ,16121595,8,0
41,OXANDABERRO,UBALDO IRIS JOAQUIN,34115764,8,0
42,OYHAMBURU,AMELIA PILAR,5663898,8,0
43,OYOLA,LUIS ARIEL ALBERTO,25848413,8,0
44,OYUELA,EZEQUIEL,23888384,8,0
45,PACHECO,ANA MAGALÍ,46829669,8,0
46,PACHECO,MARCELO EDUARDO,17419568,8,0
47,PAGES,MARIA JOSEFINA,28990359,8,0
48,PAGES,MAURICIO LEONARDO,21921713,8,0
49,PALACIOS,CAMILA ABRIL,43254504,8,0
50,PALACIOS,MARIANO SEBASTIAN,31168593,8,0
51,PALACIOS,MIGUEL ALBERTO,25106210,8,0
52,PALADINO,MARCELO LUIS,16714010,8,0
53,PALAORO,JUAN DOMINGO,21507817,8,0
54,PANTANO,KARINA ELBA,21571408,8,0
55,PARRA,JOAQUIN BERNARDO,37013392,8,0
56,PARRA MARTINEZ,BRISA MICAELA,41025669,8,0
57,PASTORINO,LUIS ALBERTO,12317219,8,0
58,PAULEAU,SOFIA ELIZABET,38687563,8,0
59,PAVON,JULIO CESAR,14852116,8,0
60,PAYERA,JUAN ALBERTO DANIEL,28509325,8,0
61,PAYES,SERGIO RAMON,18133672,8,0
62,PAZ,JOAQUIN,39065690,8,0
63,PEDROLI,DANIEL ENRIQUE,27242967,8,0
64,PEDROLI,LAURA EDITH,20035793,8,0
65,PEFAUR,GUILLERMO,12692498,8,0
66,PEFAUR QUINCOCES,MARCOS,43403734,8,0
67,PEÑA,HAYDEE TOMASA,542876,8,0
68,PEÑALVA,CARMEN LUJAN,9982192,8,0
69,PERALTA,CLAUDIA ELENA,17748157,8,0
70,PERERA,SABRINA ANDREA,29076405,8,0
71,PEREYRA,CARLOS GABRIEL,21502091,8,0
72,PEREYRA,CLAUDIO RAUL,27328472,8,0
73,PEREYRA,ERNESTO JULIO,37915002,8,0
74,PEREYRA,FEDERICO NICOLAS,34491730,8,0
75,PEREYRA,HECTOR DAMIAN,34115800,8,0
76,PEREYRA,HECTOR OMAR,14737852,8,0
77,PEREYRA,HUGO MATIAS,29494835,8,0
78,PEREYRA,HUGO RICARDO,14139637,8,0
79,PEREYRA,JORGE,32584695,8,0
80,PEREYRA,JORGE LUIS,27379419,8,0
81,PEREYRA,JUAN CARLOS,18202526,8,0
82,PEREYRA,JUAN CRUZ,37698976,8,0
83,PEREYRA,JULIETA CAROLINA LUJAN,27290303,8,0
84,PEREYRA,LUCIA,16670714,8,0
85,PEREYRA,LUCIANA,46560128,8,0
86,PEREYRA,LUIS M,5217207,8,0
87,PEREYRA,MARIA ANDREA,44518743,8,0
88,PEREYRA,MARIA BETIANA,41025608,8,0
89,PEREYRA,MARIA CECILIA,27060735,8,0
90,PEREYRA,MARIA DE LAS MERCEDES,32030785,8,0
91,PEREYRA,MARIA DE LOS ANGELES,30288891,8,0
92,PEREYRA,MARIA EVANGELINA,40093268,8,0
93,PEREYRA,MARIA ISABEL,4227199,8,0
94,PEREYRA,MARIA ISABEL,24414543,8,0
95,PEREYRA,MARIA LUCIA,44518730,8,0
96,PEREYRA,MARIA SUSANA,40093273,8,0
97,PEREYRA,MARIA VICTORIA,34115741,8,0
98,PEREYRA,MAXIMINO HUGO,34115658,8,0
99,PEREYRA,MIRIAM GRISELDA,14484629,8,0
100,PEREYRA,RAUL ERNESTO,11031113,8,0
101,PEREYRA,SERGIO GABRIEL,23690574,8,0
102,PEREYRA,SERGIO IRAÚL,25584983,8,0
103,PEREYRA QUESADA,VALERIA LUJAN,34115680,8,0
104,PEREYRA QUESADA,VERONICA BELEN,34115724,8,0
105,PEREZ,ADRIÁN ALBERTO,34115689,8,0
106,PEREZ,AGUSTINA,30817297,8,0
107,PEREZ,ALEJANDRA ISABEL,34115774,8,0
108,PEREZ,ALEJANDRO HUMBERTO,14139604,8,0
109,PEREZ,ANDRES PEDRO,4421598,8,0
110,PEREZ,ANGEL ANTONIO,1178515,8,0
111,PEREZ,BLANCA LUJAN,11827049,8,0
112,PEREZ,CARMEN ROSA,12026038,8,0
113,PEREZ,CESAR EZEQUIEL,28649544,8,0
114,PEREZ,CLAUDIO HUMBERTO,32030778,8,0
115,PEREZ,CRISTINA HAYDEE,12991942,8,0
116,PEREZ,EMMA NOEMI,11094770,8,0
117,PEREZ,HECTOR CIPRIANO,17559807,8,0
118,PEREZ,HECTOR RAUL FERNANDO,30288888,8,0
119,PEREZ,JUAN CARLOS,29860477,8,0
120,PEREZ,JUDITH ELIANA,38406479,8,0
121,PEREZ,JULIANA BELINDA,40495204,8,0
122,PEREZ,LEANDRO AGUSTIN,41097156,8,0
123,PEREZ,LUCRECIA BEATRIZ,40093289,8,0
124,PEREZ,LURDES ELIZABETH,44518709,8,0
125,PEREZ,MARTA BEATRIZ,18421303,8,0
126,PEREZ,MATIAS JOSE,33348933,8,0
127,PEREZ,NANCI JOHANNA,39579252,8,0
128,PEREZ,OSCAR OSMAR,16670717,8,0
129,PEREZ,TRINIDAD,38722824,8,0
130,PEREZ,WALTER CESAR,32060128,8,0
131,PERRONE,MARTA ALICIA,542878,8,0
132,PERROTTA,MAXIMILIANO,26921108,8,0
133,PICCARDO,JOSE ALEJANDRO,31689927,8,0
134,PICCIN,DIEGO ALEJO ESTEBAN,27528548,8,0
135,PICCIN,ESTEFANIA BELEN,30800970,8,0
136,PICCIN,FABIAN ALBERTO MARIA,16736856,8,0
137,PICCIN,FABRICIO LUIS ESTEBAN,25544985,8,0
138,PICCIN,FACUNDO,38958038,8,0
139,PICCIN,GABRIELA MARIA L,21114511,8,0
140,PICCIN,LOURDES,44593579,8,0
141,PICCIN,MARTIN EMANUEL ESTEBAN,44518718,8,0
142,PICCIN,RICARDO ESTEBAN,7836370,8,0
143,PICCIN,SERGIO DANIEL,29077944,8,0
144,PICCIN CANTEROS,TOBIAS,42649738,8,0
145,PICCIN DINIRO,ROCIO,44518737,8,0
146,PIDAL,CARLOS PABLO,33665647,8,0
147,PISTOIA,CARLA MARIANA EMILIA,30063764,8,0
148,PISTONE,ALEXIS DAMIAN,36527373,8,0
149,PLESCIA,IVANA MARIA,23452351,8,0
150,POCHO,JUAN CÉSAR,29450302,8,0
151,POCHO CASTELLS,JUAN FRANCISCO,46910029,8,0
152,POCHO CASTELLS,LOURDES,44935044,8,0
153,POLLINA,TOMAS RAMON,25315803,8,0
154,PONCE,JOSE LUIS,33488068,8,0
155,PORTALES,MARIA DELIA,4560412,8,0
156,PORTERO,LUIS IGNACIO,39491153,8,0
157,POU,NORA LUJAN,16622030,8,0
158,PRADERA,ANGELICA EDITH,25624995,8,0
159,PRADO,CAMILA,41386711,8,0
160,PRADO,LEONARDO OMAR,27242984,8,0
161,PRADO,LUIS,44255243,8,0
162,PRESA,HERNAN DIEGO,33121151,8,0
163,PRIETO,GABRIEL ALEJANDRO,26058197,8,0
164,PRIETO,HORACIO VICTOR,7663438,8,0
165,PRIETO,PABLO FABIAN,28869451,8,0
166,PROVAZZA,JUAN CARLOS,11308059,8,0
167,PUENTES,CARLA MARCELA,39986223,8,0
168,PUERTAS,CRISTINA BEATRIZ,6231898,8,0
169,PUIG,HORACIO ENRIQUE,22272187,8,0
170,QUESADA,OMAR ALBERTO,17941481,8,0
171,QUESADA,PATRICIA LUJAN,20367146,8,0
172,QUINCOCES CENDOYA,ESMERALDA,19026450,8,0
173,QUINCOCES CENDOYA,RAMON,23878251,8,0
174,QUINTEROS,GUSTAVO ADRIAN,20954617,8,0
175,QUINTEROS,MARIA DE LOS ANGELES,23438408,8,0
176,QUINTEROS,PATRICIO ISMAEL,43056379,8,0
177,QUIROGA,ANALIA DEL CARMEN,21845418,8,0
178,QUIROGA,MARIA ESTER,10559839,8,0
179,QUIROGA,MARINA SOLEDAD,37014466,8,0
180,RAMIREZ,DELFINA JULIANA,37915069,8,0
181,RAMIREZ,KARINA GABRIELA,21502095,8,0
182,RAMIREZ,LEANDRO GERMAN,22516362,8,0
183,RAMIREZ,MARCELO GERMAN,17522108,8,0
184,RAMIREZ,RAUL ADRIAN,37595217,8,0
185,RAMIREZ,VICTOR MANUEL,44276020,8,0
186,RAMIREZ,VILMA ISABEL,39636079,8,0
187,RAMIREZ,YANINA SOLANGE,34115614,8,0
188,RAMIREZ ANGEHRN,ANA BELEN,41025642,8,0
189,RAMIREZ LIZASOAIN,TEODORA,17121553,8,0
190,RAMOS,FLAVIA MARIA EVA,28319831,8,0
191,RAMOS,MARCOS MAXIMILIANO,28443027,8,0
192,RAMOS,MARCOS MAXIMILIANO,41025609,8,0
193,RAMOS,MARIELA LORENA,26127620,8,0
194,RAMOS,PEDRO JUAN CRUZ,41025692,8,0
195,RAMOS,VIVIANA GUADALUPE,21411468,8,0
196,REA,MALENA BELEN,40093288,8,0
197,RECALDE,TORIBIA,17967694,8,0
198,REDMOND,MARIA CRISTINA,17888210,8,0
199,REFUTO,VIRGINIA DANIELA,27112700,8,0
200,REINOSO,FEDERICO EDUARDO,33851322,8,0
201,REINOSO,JAVIER ALBERTO PAUL,23920661,8,0
202,REINOSO DE LEON,EMILIANO EZEQUIEL,37915095,8,0
203,REQUIDOR DE OAR,AGUSTIN EZEQUIEL,41097778,8,0
204,REQUIDOR DE OAR,RENATA BELEN,41025680,8,0
205,RETOLA,ANA MARIA,22840987,8,0
206,REVOLEDO,ANGEL,45863511,8,0
207,REVOLEDO,SUSANA MARIA,31246277,8,0
208,REY,LORENZO PEDRO,5878438,8,0
209,REY,MARIA DE LOS ANGELES,26646654,8,0
210,REY,MARIA ISABEL,24519832,8,0
211,REYES,MARIA INES,37344808,8,0
212,REYNAL,MARIANO FABIAN,14611779,8,0
213,REYNAL,MARIO ABEL,14737885,8,0
214,REYNAL,SALUSTIANO ROBERTO,20036529,8,0
215,RIAL,ANA MARIA,911937,8,0
216,RIAL,EDILIA ASCENCION,3793808,8,0
217,RICHARD,ALDANA MACARENA,39279373,8,0
218,RICHARD,ANGELES BELEN,40289947,8,0
219,RICHARD,SHEILA ANAHI,43393729,8,0
220,RICHARD,WALTER OSCAR,17096657,8,0
221,RIGOL,SILVIA ESTHER,17782758,8,0
222,RIGOLI,MARIA CLAUDIA,17643513,8,0
223,RIOS,ARACELI LILIANA,20184153,8,0
224,RIPODAS,AGUSTIN,44115174,8,0
225,RIPODAS,ALEJANDRA,34115610,8,0
226,RIPODAS,ALEX,34115765,8,0
227,RIPODAS,CAMILA,41097724,8,0
228,RIPODAS,CARLOS ABEL,11501327,8,0
229,RIPODAS,GREGORIO,34115605,8,0
230,RIPODAS,GUILLERMINA,32060113,8,0
231,RIPODAS,JOSE LUIS,14737883,8,0
232,RIPODAS,MACARENA,44518789,8,0
233,RIPODAS,MANUEL,31044913,8,0
234,RIPODAS,MARTIN,38863227,8,0
235,RIPODAS,MAXIMO,34115760,8,0
236,RIPODAS,RICARDO FEDERICO,12141337,8,0
237,RIPODAS,TAMARA,34115660,8,0
238,RIQUEL,JOSE CIRIACO,17988666,8,0
239,RISSO,ADRIAN ALBERTO,28123675,8,0
240,RISSO,CARLOS ALBERTO,13484646,8,0
241,RISSO,FRANCO RODRIGO,33645757,8,0
242,RISSO,GABRIELA SOLEDAD,26099861,8,0
243,RISSO,GUSTAVO GABRIEL,44518758,8,0
244,RISSO,LETICIA OLGA,31168543,8,0
245,RISSO,PAULA NATALIA,28123676,8,0
246,RISSO MOREL,AXEL YOEL,44518779,8,0
247,RITUCCI,DIANA GRISELDA,13318803,8,0
248,RIVAROLA,FLORENTINO,1183349,8,0
249,RIVAROLA,GUSTAVO ADOLFO,16248573,8,0
250,RIVAROLA,JULIO ALBERTO,24293725,8,0
251,RIVAROLA,MARIA SILVINA INES,17050031,8,0
252,RIVAROLA RAMOS,CARLA,37177811,8,0
253,RIVEIRO,LUCAS,27290307,8,0
254,RIVERO,EDIT ELENA,3749181,8,0
255,RIVERO,ELVA SUSANA,4560477,8,0
256,RIVERO,FELIX BAUTISTA,41097737,8,0
257,RIVERO,HELVECIA E,12422205,8,0
258,RIVERO,NORBERTO DAVID,38863214,8,0
259,ROA,LEONARDO MARCELO,33170629,8,0
260,ROBLEDO,PAULA VERONICA,29021900,8,0
261,ROBLES,MIGUEL ANGEL,34972832,8,0
262,ROCA,CECILIA VANESA,30996987,8,0
263,ROCA,JOSE LUIS,16760196,8,0
264,ROCA,RICARDO SAMUEL,33176101,8,0
265,ROCA,ROMINA VALERIA,31596613,8,0
266,ROCCO,AGOSTINA,26740247,8,0
267,RODRIGUEZ,CARLOS LEONARDO,20777432,8,0
268,RODRIGUEZ,CARLOS SANTIAGO,23947274,8,0
269,RODRIGUEZ,DAIANA MARIANELA,32060117,8,0
270,RODRIGUEZ,DELIA ISABEL,3426205,8,0
271,RODRIGUEZ,ELIDA EDITH,14139625,8,0
272,RODRIGUEZ,ESTEFANIA BELEN,33828677,8,0
273,RODRIGUEZ,ESTER CATALINA,16942880,8,0
274,RODRIGUEZ,FACUNDO GASTON,27379439,8,0
275,RODRIGUEZ,HUGO MARCELO,34865335,8,0
276,RODRIGUEZ,INES DEL CARMEN,4566430,8,0
277,RODRIGUEZ,JOAQUIN,44518717,8,0
278,RODRIGUEZ,JUAN ADOLFO,38687545,8,0
279,RODRIGUEZ,JUAN JOSE,24817020,8,0
280,RODRIGUEZ,JUAN MARCELO,36092486,8,0
281,RODRIGUEZ,JULIA ELSA,1426462,8,0
282,RODRIGUEZ,LAURA GRACIELA,12547232,8,0
283,RODRIGUEZ,LEONILDA EULALIA,3426260,8,0
284,RODRIGUEZ,LUIS D,17050040,8,0
285,RODRIGUEZ,MARIA CRISTINA,6230830,8,0
286,RODRIGUEZ,MARIA GUILLERMINA,36361645,8,0
287,RODRIGUEZ,MARIA LAURA,25459002,8,0
288,RODRIGUEZ,MONICA ANDREA,24817154,8,0
289,RODRIGUEZ,NADIA STEFANIA,37915052,8,0
290,RODRIGUEZ,PAOLA VANINA,31765133,8,0
291,RODRIGUEZ,RAUL SEBASTIAN,30827828,8,0
292,RODRIGUEZ,RODOLFO ALEJANDRO,21502093,8,0
293,RODRIGUEZ,SERGIO DARIO,25814956,8,0
294,RODRIGUEZ,SERGIO FABIAN,17050043,8,0
295,RODRIGUEZ,SILVANA MAGALI,32584647,8,0
296,RODRIGUEZ,SUSANA PATRICIA,13484663,8,0
297,RODRIGUEZ,VIRGINIA SOLEDAD,37784864,8,0
298,RODRIGUEZ,WANDA,38553532,8,0
299,ROGORA,AXEL,42461891,8,0
300,ROGORA,JUAN MARTIN,44048457,8,0
301,ROLLERI,EMILIA MAGALI,33828627,8,0
302,ROLLERI,PATRICIA ALEJANDRA,22417188,8,0
303,ROLLERI,SOFIA RENE,3436160,8,0
304,ROMANI,MELINA GRACIELA,40046826,8,0
305,ROMANO,FRANCISCO SEBASTIAN,27144642,8,0
306,ROMANO,LORENA PAOLA,32827041,8,0
307,ROMANO,NANCY JOSEFINA,17941485,8,0
308,ROMANO,SONIA ELIZABETH,20367291,8,0
309,ROMERO,ANTONIO ANDRES,39264982,8,0
310,ROMERO,CARLOS FELICIANO,41311361,8,0
311,ROMERO,OSCAR LUJAN,16324756,8,0
312,ROMERO,RAMÓN IGNACIO,29991072,8,0
313,ROMERO,RAMON ORLANDO,14241212,8,0
314,ROMO,NESTOR,11607031,8,0
315,ROSALES,AGOSTINA FERNANDA,39849689,8,0
316,ROSALES,ANA ROSA,23306929,8,0
317,ROSALES,FABIAN ALBERTO,21446176,8,0
318,ROSALES,JUAN AIDOR,5300549,8,0
319,ROSALES,MARIA ISABEL,6230820,8,0
320,ROSALES,MIRTA MABEL,11398976,8,0
321,ROSALES,OLGA HAYDEE,14737855,8,0
322,ROSALES,RODOLFO ABEL,12422213,8,0
323,ROSANI,NANCY MABEL,22630665,8,0
324,ROSASCO,NORMA SUSANA,4480020,8,0
325,ROSSI,PABLO DANIEL,31199254,8,0
326,ROUMIEU,GABRIELA LUCIANA,28365528,8,0
327,ROUMIEU,MARTIN ENRIQUE,31993878,8,0
328,RU,SUSANA DELIA,11111441,8,0
329,RUIZ,ETELVINA GISELLE,23005668,8,0
330,RUIZ,ETHEL GRISELDA,17076809,8,0
331,RUIZ,GLADIS BEATRIZ,20777427,8,0
332,RUIZ,MARIA DEL CARMEN,3545490,8,0
333,RUIZ,MONICA EDITH,22516375,8,0
334,RUIZ DIAZ,CARLINA AYELEN,42755497,8,0
335,RUIZ DIAZ,MIGUEL ANGEL,41025637,8,0
336,RUPP,CARLOS AGUSTIN,41097720,8,0
337,RUPP,GUILLERMO FRANCISCO,4625466,8,0
338,RUPP,GUILLERMO NAZARENO,27857781,8,0
339,RUPP,MARIA FLORENCIA,29450398,8,0
340,RUPP,SANTIAGO,30530347,8,0
341,RUPP,SOFIA MICAELA,41097768,8,0
342,RUSCITTI,MARIANO ANDRES,35247817,8,0
343,SABALECHI,ZUNILDA,4245051,8,0
344,SACCHETTI,IVAN,40079188,8,0
345,SACCOMANNO,DANIEL HUBERTO,17686858,8,0
346,SACCULLO,SILVIA GRACIELA,18412722,8,0
347,SAGARDOYHEGUY,ADRIANA RAQUEL,28769874,8,0
348,SAGARDOYHEGUY,HORACIO MAXIMO,13543408,8,0
349,SAGARDOYHEGUY,JORGELINA BEATRIZ,29577873,8,0
350,SAGARDOYHEGUY,MAXIMO MARCELINO,1179643,8,0