1,CASTAÑO,SILVIA LUJAN,27604263,3,0
2,CASTELLS,ANDRES FEDERICO,23448068,3,0
3,CASTELLS,DARIO RAMON,16845938,3,0
4,CASTELLS,HERNAN ALEJANDRO,22516359,3,0
5,CASTELLS,JOSÉ LUIS,33348947,3,0
6,CASTELLS,MARIA LORENA,41097705,3,0
7,CASTELLS,MARIA LUZ,31599734,3,0
8,CASTELLS,NILDA ELAINE,542866,3,0
9,CASTELLS,PEDRO DANIEL,21502092,3,0
10,CASTELLS,RICARDO GASTON,25873991,3,0
11,CASTELLS SOLIS,DIEGO NORBERTO,41025654,3,0
12,CASTELLS SOLIS,EZEQUIEL,41097715,3,0
13,CASTELLS ZABALA,GEORGINA SALOME,37915012,3,0
14,CASTELLS ZABALA,IVO WENCESLAO,41025638,3,0
15,CASTILLO,ARIEL ALEJANDRO,41675704,3,0
16,CASTILLO,CARLOS ALBERTO,16626544,3,0
17,CASTILLO,LAURA ISABEL,25910949,3,0
18,CASTILLO,MARIA LAURA,43737845,3,0
19,CASTILLO,MATILDE SALOME,41899335,3,0
20,CASTILLO,MILAGROS BELEN,44536200,3,0
21,CASTILLO,OLINDA ANGELICA,14030554,3,0
22,CASTILLO,PAULA JOSEFINA,41675734,3,0
23,CASTILLO,ROSA DEL CARMEN,41071659,3,0
24,CASTRO,HERNAN AYRTON,40676111,3,0
25,CASTRO,PATRICIA BEATRIZ,16051930,3,0
26,CASTRO RIVAROLA,BAUTISTA,41097754,3,0
27,CASTROVIEJO,PABLO,14164189,3,0
28,CATALANO,ANA MARIA,10580192,3,0
29,CATARDO,VERONICA,20572419,3,0
30,CAVALIERI,DALMA DE LOS ANGELES,39124579,3,0
31,CAVALLI,MARIA JOSE,20673103,3,0
32,CEBALLOS,BRAIAN EMANUEL,36936216,3,0
33,CEBALLOS,FABIAN ERNESTO,26796723,3,0
34,CEBALLOS,FABIAN MARTIN,41025616,3,0
35,CEBALLOS,GUSTAVO DANIEL,41025677,3,0
36,CEBALLOS,JUAN ANTONIO,5207549,3,0
37,CEBALLOS,NATALIA HAYDEE,27802189,3,0
38,CEBALLOS,SERGIO DARIO,21921703,3,0
39,CEBERIO,ANA FLORENCIA,34115773,3,0
40,CEBERIO,ANA VICTORIA,32060114,3,0
41,CEBERIO,CATALINA,44518706,3,0
42,CEBERIO,DANILO HORACIO,34115679,3,0
43,CEBERIO,JOSE HORACIO,12991903,3,0
44,CEBERIO,JUAN CARLOS,10748796,3,0
45,CEBERIO,JUAN FELIX,12991944,3,0
46,CEBERIO,JUAN IGNACIO,40093253,3,0
47,CEBERIO,LORENZO IGNACIO,14139633,3,0
48,CEBERIO,LUIS ANGEL,17050046,3,0
49,CEBERIO,MARIA ROSA,34115656,3,0
50,CEBERIO,MODESTO,1180948,3,0
51,CEBERIO,RAMIRO IGNACIO,33348942,3,0
52,CEBERIO OAÑA,JUAN RAMON,37915019,3,0
53,CELESIA,FERNANDO ERNESTO,22628868,3,0
54,CENDOYA,FEDERICO JUAN,7592931,3,0
55,CENDOYA WALKER,PATRICIA,6145382,3,0
56,CEPEDA,DELIA ROSA,11818839,3,0
57,CERZOSIMO,GABRIELA ALEJANDRA,36635162,3,0
58,CESAR,MARIA PAULA,30288875,3,0
59,CESAR,NORBERTO GUILLERMO,8436763,3,0
60,CEVASCO,SEBASTIAN,23568951,3,0
61,CHANAMPA,NANCY,22071638,3,0
62,CHARMEY,NORMA MARCELA,16670708,3,0
63,CHESINI,EMMANUEL GASTON,31598067,3,0
64,CHILO,JIMENA SOLEDAD,38927835,3,0
65,CHIRICOLA,LILIANA NOEMI,23268075,3,0
66,CHIRINO,SILVIA SUSANA,10118909,3,0
67,CHOMICZ,JOSE ROBERTO,20027549,3,0
68,CIALE,DANIEL JORGE ALBERTO,22422074,3,0
69,CIRONE,ROCIO YAMILA,29485961,3,0
70,CISNERO,MIRTHA NILDA,10053611,3,0
71,CLERI,DANIELA NOEMI,33490393,3,0
72,CLERI,MARIANELA MELISA,30762427,3,0
73,COBEAGA,MARIA DE LOS ANGELES,29860483,3,0
74,COBEAGA,PAMELA DEL ROSARIO,34115619,3,0
75,COBEAGA,SUSANA CAMILA,36361661,3,0
76,COLUNGA,CARLOS ALBERTO,17050044,3,0
77,COLUNGA,MIRYAM EMILSE,3874591,3,0
78,COLUNGA ACHA,EZEQUIEL CARLOS,37802836,3,0
79,COLUNGA ACHA,MARIA CONSTANZA,40768506,3,0
80,COMASCHI,NAZARENA ABRIL,45067940,3,0
81,CONFEGGI,ANGELA TERESA,12026146,3,0
82,CONTESSI,LUIS ROMEO,16632828,3,0
83,CONTRERA,ELIDA ISABEL,4433976,3,0
84,CONTRERAS,AYLEN ALEJANDRA,46107024,3,0
85,CONTRERAS,KEVIN DANIEL,36495539,3,0
86,CONTRERAS,SABRINA GISEL,36916846,3,0
87,COPELLO,CAROLINA,34115737,3,0
88,COPELLO,MARIA JOSEFA,10096829,3,0
89,COPELLO,MIGUEL ANGEL,12742415,3,0
90,COPPOLA,JENNIFER MICAELA,41097714,3,0
91,COPPOLA,JUAN CARLOS,27144645,3,0
92,COPPOLILLO,MARTINA ANDREA,42461860,3,0
93,COPPOLILLO,ROMINA SOLANGE,32783519,3,0
94,CORA,EDUARDO BENJAMI,20036142,3,0
95,CORA,LEONEL GONZALO,36092433,3,0
96,CORA,VALENTINA,41025693,3,0
97,CORBALAN,SERGIO RAMON,17498955,3,0
98,CORDOBA,ESTEFANIA LUJAN,41025652,3,0
99,CORDOBA,JOHANNA CAMILA,39277640,3,0
100,CORDOBA,RAUL ANTONIO,14314477,3,0
101,CORDONE,JAVIER ALBERTO,24525529,3,0
102,CORIA,CLAUDIO GUILLERMO,27379416,3,0
103,CORIA,EDUARDA DEL CARMEN,9747641,3,0
104,CORIA,ENRIQUE FROILAN,22516358,3,0
105,CORIA,FROILAN ESTANISLAO,5210962,3,0
106,CORIA,JULIO D,5216621,3,0
107,CORIA,MARIA ANGELICA,2937919,3,0
108,CORIA,MARIA DEL CARMEN,4560476,3,0
109,CORIA,MARINA FERNANDA,23345838,3,0
110,CORIA,OLGA ESTER,20777446,3,0
111,CORIA,OLGA RAQUEL,4560470,3,0
112,CORIA,ROBERTO JOSE,5216677,3,0
113,CORIA,SANDRA VIVIANA,25739940,3,0
114,CORIA,SERGIO DANIEL,12557766,3,0
115,CORIA,SUSANA VIRGINIA,542840,3,0
116,CORNEJO,AGUSTIN,44518736,3,0
117,CORNEJO,CARLOS MARIA,25873998,3,0
118,CORNEJO,FERNANDO MIGUEL,23915572,3,0
119,CORNEJO,JORGE LUIS,29454816,3,0
120,CORNEJO,MARIA CAROLINA,41025631,3,0
121,CORNEJO,MARIA VIRGINIA,26409765,3,0
122,CORNEJO,NOEMI RAQUEL,4433979,3,0
123,CORONEL,JORGE LUIS,30021795,3,0
124,CORONEL,LUIS A,13012441,3,0
125,CORONEL,MARIA SOLEDAD,37915005,3,0
126,CORONEL,MARIO ALBERTO,31168653,3,0
127,CORONEL,ROCIO MAGALI,43461578,3,0
128,CORONEL OLARIAGA,SOFIA,44518732,3,0
129,CORREA,LUCIA GABRIELA,36635150,3,0
130,CORREA,LUIS ANDRES,14944198,3,0
131,CORREA,MARIANA PILAR,37017678,3,0
132,CORREA,RAMONA ITATI,45844697,3,0
133,CORRIDONI GULLA,CARLA,28324643,3,0
134,CORTEA,EDUARDO ENRIQUE,29377575,3,0
135,CORTINA,AUGUSTO,22276278,3,0
136,CORTINA,EZEQUIEL,43820977,3,0
137,COSENTINO,ENZO,42361627,3,0
138,COSENTINO,RENATA,43655510,3,0
139,COSERES,FRANCISCA SUSANA,13331401,3,0
140,COSERES,GUILLERMO RICARDO,26823626,3,0
141,COSERES,VERONICA DENISA DE JESUS,30114096,3,0
142,COSTANTINI,MARTA HAYDEE,5319229,3,0
143,COSTANZO,CARMEN BEATRIZ,4560417,3,0
144,COSTAS,MARIA DAIANA,35244396,3,0
145,COTTIS,JORGE ABEL,12493960,3,0
146,COTTIS BARTOLOMEY,LUCAS,41097769,3,0
147,COTTIS BARTOLOMEY,VICTORIA,46629334,3,0
148,CRISTAL,MIGUEL OSCAR,17603395,3,0
149,CRISTALDO,MELISA DAIANA,37808304,3,0
150,CRUGNALE,JULIO HERNAN,30871867,3,0
151,CRUZ,MARIA CARLA,28978574,3,0
152,CRUZ,MARIA MERCEDES,18708025,3,0
153,CUADRELLI,ANDREA FABIANA,21717795,3,0
154,CUELLO,ANA CECILIA,34115675,3,0
155,CUELLO,ANA PAULA,34115674,3,0
156,CUELLO,ANIBAL ARMANDO,34115611,3,0
157,CUELLO,CARLA CECILIA LUJAN,23448052,3,0
158,CUELLO,CATERINA AYELEN,41097708,3,0
159,CUELLO,CLAUDIA MARCELA,31406912,3,0
160,CUELLO,EVANGELINA LUJAN,20036433,3,0
161,CUELLO,FACUNDO FEDERICO JAVIER,37915090,3,0
162,CUELLO,HECTOR JAVIER,20367185,3,0
163,CUELLO,HORACIO RAUL,5216674,3,0
164,CUELLO,JACQUELINE TAMARA,34115793,3,0
165,CUELLO,JUAN CARLOS,5207569,3,0
166,CUELLO,LOANA BELEN,41025662,3,0
167,CUELLO,MAGALI AILEN,38863213,3,0
168,CUELLO,MARCELO RAUL,17263228,3,0
169,CUELLO,MARCOS OSCAR,34115671,3,0
170,CUELLO,MARIA FERNANDA,37915015,3,0
171,CUELLO,MARIA VALENTINA,41025695,3,0
172,CUELLO,MARINA ANGELICA,34115748,3,0
173,CUELLO,OSCAR ENRIQUE,16121584,3,0
174,CUELLO,PABLO FERNANDO,34115734,3,0
175,CUELLO,SANDRA MARINA,21921723,3,0
176,CUELLO,SILVIA BEATRIZ,20777429,3,0
177,CUELLO,TANIA JACQUELINA,34115681,3,0
178,CUERDA,JEREMIAS,41203905,3,0
179,CUESTA,SOL ANGELA ALEJANDRA,27293756,3,0
180,CUESTAS,ADRIANA ISABEL,24973509,3,0
181,CUESTAS,AGUSTINA NOELIA,41097712,3,0
182,CUESTAS,ANDREA HAYDEE,25459020,3,0
183,CUESTAS,ELSA HAYDEE,4560405,3,0
184,CUESTAS,GRACIELA HAYDEE,23915557,3,0
185,CUESTAS,GUSTAVO DANIEL,16121576,3,0
186,CUESTAS,JAEL PRISCILA,41097752,3,0
187,CUESTAS,JUAN CARLOS,5207505,3,0
188,CUESTAS,JULIAN EUGENIO,23448056,3,0
189,CUESTAS,KATHERINE CAMILA,41097746,3,0
190,CUESTAS,MARCELO FABIAN,22516369,3,0
191,CUESTAS,MARIA ANGELICA,4433963,3,0
192,CUESTAS,MARIA HAYDEE,27060748,3,0
193,CUESTAS,MARTA HAYDEE,4560436,3,0
194,CUESTAS,PAMELA ROMINA,44518710,3,0
195,CUESTAS,SILVINA NATALIA,26409773,3,0
196,CUESTAS,YESICA BELEN,41386756,3,0
197,CUESTAS BOLS,ALEXANDER VALENTINO,44115158,3,0
198,CUESTAS BOLS,AYRTON ANIBAL,40093262,3,0
199,CUEVAS,MARIA LUJAN,27388879,3,0
200,CUTTA,OBDULIO OSCAR,17915326,3,0
201,DALEY,ANDRES ALEJANDRO,22516368,3,0
202,DALEY,INES,10096827,3,0
203,DALEY,JUAN ANDRES,37915041,3,0
204,DALEY,JULIETA,40093266,3,0
205,DALEY,MARIA FLORENCIA,24414549,3,0
206,DALEY,PATRICIO,41025668,3,0
207,DALEY,TOMAS AVELINO,28928832,3,0
208,DARRIBA,MARIA CRISTINA,18180987,3,0
209,DARRIBA,MARIA SOLEDAD,38228337,3,0
210,DARRIBA,MIGUEL ANGEL,20289723,3,0
211,DASILVEIRA,VICTOR AGUSTIN,12008821,3,0
212,DAVILA,CLAUDIO JESUS EZEQUIEL,35720429,3,0
213,DAVILA,VICTORIA BEATRIZ,34886896,3,0
214,DE ANCHORENA,NORBERTO PAUL,4130237,3,0
215,DE FELIPE,ALBERTO I,5210925,3,0
216,DE FELIPE,CAMILA,37380563,3,0
217,DE FELIPE,CLAUDIA ELISABETH,18534959,3,0
218,DE FELIPE,FIAMMA BEATRIZ,40093259,3,0
219,DE FELIPE,FLORENCIA ELISABETH,33348956,3,0
220,DE FELIPE,FRANCO,36213946,3,0
221,DE FELIPE,JORGE DANIEL,20036533,3,0
222,DE FELIPE,JUAN CARLOS,13543411,3,0
223,DE FELIPE,JULIO CESAR,24414530,3,0
224,DE FELIPE,KEVIN,37915030,3,0
225,DE FELIPE,LAURA GISELLE,34115725,3,0
226,DE FELIPE,LUCIANA,41025632,3,0
227,DE FELIPE,LUIS DIONISIO,16121592,3,0
228,DE FELIPE,NELIDA NOEMI,2937913,3,0
229,DE FELIPE,NORBERTO EDUARDO,10096822,3,0
230,DE FELIPE,SANDRO MARTIN,17782762,3,0
231,DE FELIPE,SEBASTIAN,25459008,3,0
232,DE FELIPPE,CARMEN LEONOR,11398988,3,0
233,DE FELIPPE,DIEGO HORACIO,41025613,3,0
234,DE FELIPPE,GABRIEL EZEQUIEL,41025679,3,0
235,DE FELIPPE,HECTOR RODOLFO,16121582,3,0
236,DE FELIPPE,ROBERTA HAYDEE,10748788,3,0
237,DE FREITAS,MICHELLE NAHIR,37559102,3,0
238,DE LA CANAL,ALDANA,37944558,3,0
239,DE LA CANAL,CAMILA,37915004,3,0
240,DE LA CANAL,CARLOS DANIEL,41097763,3,0
241,DE LA CANAL,CESAR OMAR,27379436,3,0
242,DE LA CANAL,DARIO OSMAR,17941500,3,0
243,DE LA CANAL,DOMINGO PABLO,16670723,3,0
244,DE LA CANAL,LAURA ELIZABETH,20036535,3,0
245,DE LA CANAL,LAUTARO,43053226,3,0
246,DE LA CANAL,MAURO EZEQUIEL,34462287,3,0
247,DE LA CANAL,OLINDA ORFELIA,13543431,3,0
248,DE LA CANAL,ROMINA SOLEDAD,35393916,3,0
249,DE LA CANAL,RUFINA MAGDALENA,6230829,3,0
250,DE LA CRUZ,ROXANA BELEN,46459862,3,0
251,DE LA TORRE,ELSA HAYDEE,3426648,3,0
252,DE LA TORRE,MARIA CRISTINA,20499437,3,0
253,DE LEON,ADRIANA M,18344283,3,0
254,DE LEON,ANTONINO,18555229,3,0
255,DE LEON,CAROLINA INES,31598074,3,0
256,DE LEON,CLAUDIA ISABEL,44518702,3,0
257,DE LEON,CLAUDIO ALBERTO,20036527,3,0
258,DE LEON,CRISTIAN ADRIAN,27918475,3,0
259,DE LEON,CRISTIAN OSCAR,34115651,3,0
260,DE LEON,ELVIRA BEATRIZ,4560488,3,0
261,DE LEON,FACUNDO GABRIEL,38863225,3,0
262,DE LEON,GRACIELA BEATRIZ,17782765,3,0
263,DE LEON,HECTOR DELVER,5210904,3,0
264,DE LEON,HECTOR DELVER,21921709,3,0
265,DE LEON,HÉCTOR RODOLFO,17422151,3,0
266,DE LEON,JORGE DAVID,26409769,3,0
267,DE LEON,JORGELINA BEATRIZ,34115753,3,0
268,DE LEON,JUAN CARLOS,17050035,3,0
269,DE LEON,JUAN MARTIN,33348950,3,0
270,DE LEON,JUANA EUGENIA,2937904,3,0
271,DE LEON,JULIAN OMAR,27060726,3,0
272,DE LEON,JULIO BENJAMIN,5203092,3,0
273,DE LEON,MARIA BELEN,41025700,3,0
274,DE LEON,MARIA JULIETA,34115697,3,0
275,DE LEON,MARIO NORBERTO,14139626,3,0
276,DE LEON,MAURICIO ANDRES,30288895,3,0
277,DE LEÓN,NAZARENO JESÚS,44518749,3,0
278,DE LEON,NORA ESTER,34115690,3,0
279,DE LEON,OLGA NOEMI,14737882,3,0
280,DE LEON,RUBEN OMAR,11031107,3,0
281,DE LEON,SANDRA SUSANA,17782759,3,0
282,DE LEON,SANTIAGO AGUSTIN,37915061,3,0
283,DE LEON,YASMIN IRUPE,41097762,3,0
284,DE LEON GARATE,JUAN GERMAN IGNACIO,39647732,3,0
285,DE OAR,GRACIELA MABEL,12787966,3,0
286,DE PALMA,DIEGO ALEJANDRO,37915059,3,0
287,DE PALMA,JULIETA LUCILA,39667279,3,0
288,DE PALMA,MIGUEL DOMINGO,14223701,3,0
289,DE PALMA,TOMAS SEBASTIAN,34115749,3,0
290,DE PALMA PORTELA,TOMAS MIGUEL,20665557,3,0
291,DE POL,LUIS MARIA,8069062,3,0
292,DE SOUSA ROSA,PABLO,32700156,3,0
293,DEBAZ,ANDREA LORENA,33876299,3,0
294,DEFELIPPE,CARLOS ANTONIO,13543409,3,0
295,DEL VALLE,OFELIA M,13543427,3,0
296,DEL BONO,ELSA,702211,3,0
297,DEL CAMPO,PEDRO HUMBERTO,7702891,3,0
298,DEL CANTO,ANABELLA ALEJANDRA,34115785,3,0
299,DEL CANTO,ANGEL DAVID,40093276,3,0
300,DEL CANTO,EDUARDO MARIO,13642072,3,0
301,DEL CANTO,ELISEO ALEJANDRO,29454810,3,0
302,DEL CANTO,EMANUEL FABRIZIO,43012661,3,0
303,DEL CANTO,PAMELA ANDREA,27918495,3,0
304,DEL MATTE,VICTORIA,44115154,3,0
305,DEL VALLE,JUAN CARLOS,5211411,3,0
306,DELEON,ROSA H,11398996,3,0
307,DELGADO,CRISTIAN EZEQUIEL,37063948,3,0
308,DELGADO,FRANCISCO MANUEL,29494997,3,0
309,DELGADO,GRISEL,25601372,3,0
310,DELICIO,GLADYS HAYDEE,13543433,3,0
311,DELICIO,NORMA E,17559803,3,0
312,DELICIO,ROBERTO BELTRAN,12135406,3,0
313,DELICIO,SILVIA SOLEDAD,14737866,3,0
314,DELLI QUADRI,ALFREDO CARLOS,10363034,3,0
315,DELLI QUADRI,JUAN LAUREANO,41025614,3,0
316,DELLI QUADRI,MARIANO ALBERTO,26989940,3,0
317,DELLI QUADRI,OLGA L,11031105,3,0
318,DEMETRIO,JONATAN,38607046,3,0
319,D'EMILIO,MARIA GABRIELA,20777430,3,0
320,DEUGAS,MARIA CARMEN,5688355,3,0
321,DI FRANCO,JESICA MABEL,30977677,3,0
322,DI FRANCO,ROBERTO CARLOS,31953660,3,0
323,DIAZ,ARACELI CELESTE,41068111,3,0
324,DIAZ,BRENDA JAEL,45466332,3,0
325,DIAZ,CARLOS ALFONSO,44518713,3,0
326,DIAZ,CARLOS HUMBERTO,16118013,3,0
327,DIAZ,CINTIA ANDREA,38679897,3,0
328,DIAZ,DAIANA DANIELA,30021774,3,0
329,DIAZ,DANIEL ISMAEL,32912907,3,0
330,DIAZ,DEBORA ANTONELLA,44922665,3,0
331,DIAZ,ELIAS JULIAN,39336413,3,0
332,DIAZ,ELIDA M,11827036,3,0
333,DIAZ,ENRIQUE EMMANUEL,31534937,3,0
334,DIAZ,FATIMA LUJAN,20035860,3,0
335,DIAZ,FRANCO DANIEL,38275262,3,0
336,DIAZ,ISMAEL,8702306,3,0
337,DIAZ,JUAN ABEL,46629327,3,0
338,DIAZ,JUAN ANGEL,21445836,3,0
339,DIAZ,JUAN CARLOS,17559802,3,0
340,DIAZ,JUAN CRUZ,36527348,3,0
341,DIAZ,JUAN MARTIN,34958429,3,0
342,DIAZ,LUCRECIA MAITE,41097794,3,0
343,DIAZ,RAUL ALEJANDRO,39947972,3,0
344,DIAZ,RICARDO ADOLFO,20347964,3,0
345,DIAZ,RUBEN MARCELO,27837137,3,0
346,DIAZ,SEBASTIAN SANTIAGO,32060124,3,0
347,DIAZ,SILVIA MILAGROS,38959720,3,0
348,DIAZ,SONIA ESTHER,16369723,3,0
349,DIAZ OJEDA,MARCELA VERONICA,43828442,3,0
350,DICCORRADO,ALESSANDRO,41097773,3,0