1,HUERTAS,JORGE RAUL,41386766,6,0
2,HUERTAS,VALENTINA CELESTE,42461896,6,0
3,HUESDENS,JUAN RUBEN,28477973,6,0
4,HURTADO,AINARA SOLANGE,38786547,6,0
5,HURTADO,CRISTINA,13392868,6,0
6,IBACETA,NOELIA SOLEDAD,32700074,6,0
7,IBARGUENGOYTIA,MARIO RAFAEL,32866864,6,0
8,IBARGUREN,JUAN ESTEBAN,25136733,6,0
9,IBARGUREN,VIVIANA ESTHER,18556068,6,0
10,IBARRA,NORMA BEATRIZ,16060143,6,0
11,IBARRA,RICARDO RAMÓN,34856128,6,0
12,IBAUZA,ROCIO ISABEL,34751424,6,0
13,ICARDE,HÉCTOR ISMAEL PATRICIO,44964256,6,0
14,ICARDE,HECTOR PATRICIO,27856953,6,0
15,ICARDE,MARIANA,37915088,6,0
16,ICARDE,ZACARÍAS RUBÉN,46817609,6,0
17,IFRAN,FABIANA ITATI,34892054,6,0
18,IGARATEGUI,LAURA BELEN,37013252,6,0
19,IGARTEBURU,MANUEL EMILIANO,35231421,6,0
20,IGLESIAS,ANAHI,43867372,6,0
21,IGLESIAS,MONICA KARINA,31447288,6,0
22,IGLESIAS,NAHUEL,39589603,6,0
23,INCHAUSTI,MARTIN IGNACIO,22952598,6,0
24,INGBERG,HECTOR ISMAEL,10479940,6,0
25,INSAUSTI,JUAN ANTONIO,31534965,6,0
26,IRALUR,JUAN ANTONIO,5330401,6,0
27,IRAMAIN,GERMAN GUSTAVO,28093593,6,0
28,IRAZU,MARIA CRISTINA,14832612,6,0
29,IRIARTE,CARLOS MANUEL,21845395,6,0
30,IRIARTE,LUIS CARLOS,5211946,6,0
31,IRIBARNE,AILIN MILAGROS,41025651,6,0
32,IRIBARNE,CESAR SEBASTIAN,25514038,6,0
33,IRIBARNE,GONZALO,41097764,6,0
34,IRIBARNE,HECTOR ALFREDO,10257439,6,0
35,IRIBARNE,HERNAN IGNACIO,26796941,6,0
36,IRIBARNE,MARIO CESAR,8576936,6,0
37,IRIBARNE TAPIA,FACUNDO,44322987,6,0
38,IRIBARNE TAPIA,NICOLAS,43737659,6,0
39,IRIBARREN,MARTHA NOELI,4640336,6,0
40,IRIGOYEN,MARIA ESTER,10565454,6,0
41,IRUSTA,BENJAMIN ARIEL,41097783,6,0
42,ITURRALDE,MARCELO CARLOS,4554704,6,0
43,ITURRERIA,ANA MARIA,20036437,6,0
44,ITURRERIA,EDUARDO JOSE,21921702,6,0
45,ITURRERIA,JUAN PEDRO,5208069,6,0
46,ITURRERIA,MARIANO MARTIN,31598080,6,0
47,ITURRERIA,MATEO,46629335,6,0
48,ITURRERIA,TOMAS,44115167,6,0
49,IVANTSOV,LUCAS VLADIMIR,43180825,6,0
50,IZURIETA,ANA MARIA,5678066,6,0
51,IZURIETA,CAMILA CECILIA,29216869,6,0
52,IZURIETA,CRISTIAN IVAN,41025661,6,0
53,IZURIETA,EDUARDO FABIAN,18475639,6,0
54,IZURIETA,ELISA JOSELINA,37915053,6,0
55,IZURIETA,ESTEBAN DANIEL,31044921,6,0
56,IZURIETA,FEDERICO DANIEL,32030779,6,0
57,IZURIETA,GUILLERMO ENRIQUE,20036550,6,0
58,IZURIETA,IRMA ESTER,6373425,6,0
59,IZURIETA,LAURA ESTEFANIA,34342842,6,0
60,IZURIETA,MARIANA CECILIA,30288884,6,0
61,IZURIETA,MELANIE LEYLEN,34115752,6,0
62,IZURIETA,NELSON SILVANO,41097727,6,0
63,IZURIETA,NOELIA MAILEN,37915010,6,0
64,JAIME,AGUSTINA ANTONELLA,42964628,6,0
65,JAIME,ALEXIS NAHUEL,40093278,6,0
66,JAIME,AMERICO FLORENTINO,14202724,6,0
67,JAIME,CARLOS ARIEL,30371467,6,0
68,JAIME,DARIO ADALBERTO,34791762,6,0
69,JAIME,ELIANA GISELA,36092538,6,0
70,JAIME,FRANCO JEREMIAS,46099197,6,0
71,JAIME,GISELA DOLORES,41097760,6,0
72,JAIME,LUCRECIA SOLEDAD,32700142,6,0
73,JAIME,YAMILA HAYDEE,37915078,6,0
74,JAURRETCHE,ALBA LILIANA,10540962,6,0
75,JAURRETCHE,CARLOS MARCELO,23005948,6,0
76,JAURRETCHE,CLAUDIA MABEL,16925941,6,0
77,JAURRETCHE,JOAQUÍN,44934655,6,0
78,JAURRETCHE,JUAN CARLOS,5217566,6,0
79,JAURRETCHE,NESTOR MATIAS C,28532962,6,0
80,JAURRETCHE,PILAR,46813178,6,0
81,JAURRETCHE,VALERIA VANESA,29182483,6,0
82,JAURRETCHE,WALTER ADRIAN,26842584,6,0
83,JUAREZ,ADRIANA ELIZABETH,22809725,6,0
84,JUAREZ,HORACIO ERNESTO,5090795,6,0
85,JUAREZ,MARCELA PATRICIA,20950006,6,0
86,JUAREZ,MATIAS ROMUALDO,30821539,6,0
87,JULIANI,ARTURO AGUSTIN,23013293,6,0
88,JURADO,CARLOS IGNACIO,26099868,6,0
89,JURADO,ERNESTO JAVIER,23448074,6,0
90,JURADO,JUAN CRUZ,37054526,6,0
91,JURADO,JUAN DOMINGO,5083155,6,0
92,JURADO,JUAN EDGARDO,32030794,6,0
93,JURADO,LUIS ROBERTO,33645767,6,0
94,JURADO,MONICA ELVIRA,23013241,6,0
95,JURADO,NESTOR FABIAN,18538395,6,0
96,JURADO,PABLO EMANUEL,33269413,6,0
97,JURADO,RICARDO EDUARDO,17827408,6,0
98,KEHOE,MARIA TERESA,6230824,6,0
99,KEHOE,NELIDA ESTER,12135403,6,0
100,KIRER,LAURA INES,29658855,6,0
101,KRIEGER,FERNANDO DANIEL,27806996,6,0
102,KRYWOJ,NORBERTO GUSTAVO,17298834,6,0
103,KUHN,MATIAS EZEQUIEL,34085218,6,0
104,LA SILVIA,VICTOR CARLOS,12905151,6,0
105,LABISTE,PATRICIA ROSANA,17579729,6,0
106,LACHAISE PEREZ,EDGAR ADER,33267857,6,0
107,LACUNZA,DAIANA AGOSTINA,41892695,6,0
108,LACUNZA,HORACIO ALBERTO,25901798,6,0
109,LACUNZA,LUCAS HORACIO,45151841,6,0
110,LAGAR,CARINA NATALIA,27604238,6,0
111,LANCIERI,CLAUDIO FERNANDO,16121587,6,0
112,LANCIERI,CLAUDIO RAUL,5276300,6,0
113,LANCIERI BELARRA,DIEGO ARIEL,34115694,6,0
114,LANDA,ELENA,3426517,6,0
115,LANDA PEÑA,ISMAEL JOSE,26807486,6,0
116,LANEGA,ABDON ALBERTO,14139628,6,0
117,LANEGA,ALICIA GLADYS,17050030,6,0
118,LANEGA,CATALINA HAYDEE,2937909,6,0
119,LANEGA,LIA MACARENA,37915058,6,0
120,LANGE,CESAR ANDRES,35820983,6,0
121,LANGE,MAYRA LUCIA,34115650,6,0
122,LARRAULA,CLAUDIA ANDREA,26842677,6,0
123,LARREA,ALEJANDRO FEDERICO,28928835,6,0
124,LARREA,ALEX BENJAMIN,41025671,6,0
125,LARREA,ALEXIS DAMIAN,41097779,6,0
126,LARREA,BRAIAN EZEQUIEL,34115792,6,0
127,LARREA,BRANDON ALEXANDRO,44518704,6,0
128,LARREA,CANDELA ESMERALDA,44518778,6,0
129,LARREA,CARLOS DAVID,30288886,6,0
130,LARREA,FABIANA MAGDALENA SOLEDAD,37915080,6,0
131,LARREA,LEANDRO EZEQUIEL,44115169,6,0
132,LARREA,MARCELA MARIEL,23915562,6,0
133,LARREA,MARCELO MIGUEL,21502086,6,0
134,LARREA,MARCELO SEBASTIAN,34115633,6,0
135,LARREA,MARIANA TIZIANA SOLANGE,41025658,6,0
136,LARREA,MARIO GUILLERMO,25873990,6,0
137,LARREA,MATIAS DANIEL,41025647,6,0
138,LARREA,PAOLA DANIELA,27379441,6,0
139,LARREA,ROMINA MACARENA,34115691,6,0
140,LARREA,SERGIO FABIAN,21921714,6,0
141,LARREA,TAMARA DANIELA,37915070,6,0
142,LARREA,URIEL,41097728,6,0
143,LARREA,VANESA LORENA,26409774,6,0
144,LARREA,WALTER MAXIMILIANO,34115713,6,0
145,LARRUBIA,CLAUDIA ISABEL,30530403,6,0
146,LASA,ELBA NOEMI,13505780,6,0
147,LAVAGNINO,DOMINGO A,5203071,6,0
148,LAZARTE,ALEXIS LUIS,34115627,6,0
149,LAZARTE,CRISTIAN LUIS,27186525,6,0
150,LAZARTE,DEBORAH NICOLE,41025612,6,0
151,LAZARTE,JACINTO LUIS,14737874,6,0
152,LAZARTE ECHART,FERNANDO MATIAS,40093297,6,0
153,LAZARTE ECHART,MARIA PAZ,34115648,6,0
154,LAZO,PABLO EMANUEL,34271990,6,0
155,LAZO,WALTER RUBEN,26243844,6,0
156,LEAL,OSCAR ARIEL,26915839,6,0
157,LEAMES,EDUARDO ISMAEL,31044912,6,0
158,LEANES,ANAHI BELEN,37915066,6,0
159,LEANES,MARTA HILDA,4560495,6,0
160,LEANES,MIRTA RAQUEL,10096832,6,0
161,LEANES,RUBEN HORACIO,11031103,6,0
162,LEANES,RUBEN HORACIO,31598077,6,0
163,LECLERCQ,BLANCA,2928666,6,0
164,LEDERGERBER,GERTRUDIS CECILIA,5002282,6,0
165,LEDERGERBER,MARCELA CECILIA,18805056,6,0
166,LEDERGERBER,MATHIAS OSCAR,18812404,6,0
167,LEDERGERBER,OSCAR EDUARDO,10663543,6,0
168,LEDESMA,CARLOS JOAQUIN,35821273,6,0
169,LEDESMA,CECILIA EDITH,32246279,6,0
170,LEDESMA,MARIA CELESTE,34958461,6,0
171,LEGUIZA,CARLOS ANIBAL,10817706,6,0
172,LEGUIZAMON,AGUSTIN,41025691,6,0
173,LEGUIZAMON,IVANNA ELISABET,34115755,6,0
174,LEGUIZAMON,JESSICA,39811058,6,0
175,LEGUIZAMON,JOSE LUIS,5213876,6,0
176,LEGUIZAMON,LUIS OSCAR,21502098,6,0
177,LEGUIZAMON,MARIA GABRIELA,25459024,6,0
178,LEGUIZAMON,MARIA SOL,44518714,6,0
179,LEGUIZAMON,SUSANA B,18344284,6,0
180,LEIVA,NORA ALEJANDRA,26841373,6,0
181,LEJONA,ADELA ELISA,13543435,6,0
182,LEJONA,JUAN LUIS,4646692,6,0
183,LEJONA,JULIO GERMAN,23915561,6,0
184,LEJONA,JULIO RODOLFO,5210972,6,0
185,LEJONA,MARIA NATALIA,25459014,6,0
186,LEJONA,OLGA ELENA,10854106,6,0
187,LEMOS,LUIS IVAN,38863203,6,0
188,LEMOS DIPOLTO,LUIS RODOLFO,24693186,6,0
189,LEMOS DIPOLTO,OMAR ALEJANDRO,14347789,6,0
190,LEMOS DIPOLTO,VERONICA DEL CARMEN,26678841,6,0
191,LENCINA,MONICA BEATRIZ,24343616,6,0
192,LENCINA,RIGOBERTO GERMAN,24666561,6,0
193,LENTINO,VERONICA MARIA DE LOS ANGELES,29042939,6,0
194,LEONE,JUAN FRANCISCO,41675723,6,0
195,LEONE,JUAN JOSE,29450339,6,0
196,LEONE,MARCOS JAVIER,37698941,6,0
197,LEONE,MARIA CAROLINA,28123758,6,0
198,LEONE,RUBEN NORBERTO,11706026,6,0
199,LESCANO,CLAUDIO MARCELO,27918476,6,0
200,LESCANO,EUGENIO ALEJO,32030788,6,0
201,LESCANO,FABRICIO WILFREDO,32060101,6,0
202,LESCANO,IVAN ENRIQUE,44518766,6,0
203,LESCANO,JUAN,5203052,6,0
204,LESCANO,JUAN,12742405,6,0
205,LESCANO,LUIS ALBERTO,11494059,6,0
206,LESCANO,MARIA PAULA,37915043,6,0
207,LESCANO,MARIO ALFREDO,12991936,6,0
208,LESCANO,MAYRA FELISA,41025690,6,0
209,LESCANO,PABLO ENRIQUE,21921708,6,0
210,LESCANO,SEBASTIAN ENRIQUE,31044922,6,0
211,LETOURNEAU,FERNANDO FRANCISCO,32827159,6,0
212,LETOURNEAU,MARÍA FERNANDA,41025696,6,0
213,LETOURNEAU,YESSICA MARIEL,35821248,6,0
214,LEYEMBERGER,AGUSTINA DANIELA,40093260,6,0
215,LEYEMBERGER,FABRICIO DANIEL,23013280,6,0
216,LEYEMBERGER,JUAN CRUZ,41025648,6,0
217,LEZCANO,AVELINO E,13484539,6,0
218,LEZCANO,BEATRIZ ALEJANDRA,23937482,6,0
219,LEZCANO,CANDELA,44115166,6,0
220,LEZCANO,CLAUDIA VERONICA,26707396,6,0
221,LEZCANO,DANIELA ELIZABETH,40626277,6,0
222,LEZCANO,HECTOR ANIBAL,5216604,6,0
223,LEZCANO,HECTOR MIGUEL,23915573,6,0
224,LEZCANO,JOSE JUSTO,30021796,6,0
225,LEZCANO,JUANA MARTA,16118003,6,0
226,LEZCANO,LEANDRO RAMON,45816907,6,0
227,LEZCANO,MARIA DEL CARMEN,21502087,6,0
228,LEZCANO,MARIA GABRIELA,26022508,6,0
229,LEZCANO,MARIA NOEMI,28648950,6,0
230,LEZCANO,MARTA B,17941484,6,0
231,LEZCANO,MAURO RUBEN,42634146,6,0
232,LEZCANO,PEDRO FABIAN,23088441,6,0
233,LEZCANO,PEDRO FRUCTUOSO,5262130,6,0
234,LEZCANO,RENZO MIGUEL,41025628,6,0
235,LEZCANO,SERGIO ARIEL,24132747,6,0
236,LEZCANO,SERGIO GUSTAVO,24132748,6,0
237,LEZCANO LUCHA,LUIS MARTIN,32128055,6,0
238,LIBERTO,ADRIANA LUCIA,13114942,6,0
239,LIMONTA,NATALIA MATILDE,35184887,6,0
240,LINARES,MARA NOELIA,32965435,6,0
241,LISSI,BLANCA AZUCENA,13543417,6,0
242,LOBOS,ENZO EZEQUIEL,43460154,6,0
243,LOBOS,JUAN CRUZ,32866833,6,0
244,LOBOS,OSCAR EDUARDO,21534829,6,0
245,LOBOS,YANINA MIRTA,29139340,6,0
246,LONDAITZ,HÉCTOR JOSÉ DOMINGO,23667867,6,0
247,LONDAITZ,MONICA SUSANA G,22610237,6,0
248,LONGO,CESAR ATILIO,24015370,6,0
249,LOPEZ,ANDREA FABIANA,22516372,6,0
250,LOPEZ,AUGUSTO ROBERTO,45569571,6,0
251,LOPEZ,CARLOS ALBERTO,5251132,6,0
252,LOPEZ,CARMEN ESTHER,3426256,6,0
253,LÓPEZ,ELISANDRO GABRIEL,44518742,6,0
254,LOPEZ,EMILIANO JOSE,40831909,6,0
255,LOPEZ,ESTEBAN EZEQUIEL,32151864,6,0
256,LOPEZ,FERNANDO JUAN,23006296,6,0
257,LOPEZ,FRANCISCO,2713758,6,0
258,LOPEZ,GUADALUPE INES,38436492,6,0
259,LOPEZ,HECTOR JOSE,23005684,6,0
260,LOPEZ,JESSICA ELIZABETH,36016282,6,0
261,LOPEZ,JOAQUIN FERNANDO,45200774,6,0
262,LOPEZ,JOSE IGNACIO,40093257,6,0
263,LOPEZ,JUAN G,5201747,6,0
264,LOPEZ,JUAN OSCAR,8317125,6,0
265,LOPEZ,LIDIA ESTER,24721448,6,0
266,LOPEZ,LUCIANA ELISABET,37369682,6,0
267,LOPEZ,MABEL ITATÍ,32442498,6,0
268,LOPEZ,MARIA ELVIRA,3426254,6,0
269,LOPEZ,MARIA JOSEFINA,21600784,6,0
270,LOPEZ,MARTA VIVIANA,22526065,6,0
271,LOPEZ,MERCEDES,28014686,6,0
272,LOPEZ,MÓNICA ELISA,12991910,6,0
273,LOPEZ,NORMA BEATRIZ,22124141,6,0
274,LOPEZ,RAMON IGNACIO,20859708,6,0
275,LOPEZ,YENNIFER LUCRECIA,37915089,6,0
276,LOPEZ BARROT,ANA RITA,25520050,6,0
277,LOPEZ GONZALEZ,GUIDO GONZALO,45397914,6,0
278,LOPEZ GONZALEZ,KAREN MALENA,46640089,6,0
279,LORENZO,PATRICIA OLGA,12991487,6,0
280,LOTO,ANTONIA ALEJANDRA,27022413,6,0
281,LUAYZA,NOEMI LUJAN,27144751,6,0
282,LUCERO,DENISE IVON,37369658,6,0
283,LUCIANO,BRIGIDA ERMELINDA,3426796,6,0
284,LUCIANO,MAXIMILIANO MARTIN,43907502,6,0
285,LUGONES,DANIEL MARIANO,25364611,6,0
286,LUGONES,PEDRO JUAN,18460422,6,0
287,LURBET,ELSA NOEMI,4512849,6,0
288,MAC DONALD,MARIA ANGELICA,4560454,6,0
289,MACEDO,ARIANA CELESTE,46561716,6,0
290,MACEDO,JOEL GUSTAVO,43056385,6,0
291,MACEIRA,ANA SUSANA,17941497,6,0
292,MACEIRA,CARLOS RODOLFO,16670729,6,0
293,MACEIRA,DANIEL ALBERTO,27379424,6,0
294,MACEIRA,DORA ANGELICA,4433964,6,0
295,MACEIRA,EDUARDO HIPOLITO,5216642,6,0
296,MACEIRA,FRANCISCO ANICETO,5176482,6,0
297,MACEIRA,JUAN ALBERTO,37915051,6,0
298,MACEIRA,JUAN MANUEL,26074298,6,0
299,MACEIRA,LAURA MAGDALENA,4560489,6,0
300,MACEIRA,LUCIA,44518719,6,0
301,MACEIRA,LUCIANO,44518751,6,0
302,MACEIRA,MARIA DE LAS MERCEDES,17941498,6,0
303,MACEIRA,MARIA MARCELA,17050038,6,0
304,MACEIRA,MARTIN GUILLERMO,22516374,6,0
305,MACEIRA,MARTINA,34115642,6,0
306,MACEIRA,NILDA HAYDEE,3899961,6,0
307,MACEIRA,OLGA ESTHER,6230831,6,0
308,MACEIRA,PABLO ARNALDO,29454811,6,0
309,MACEIRA,ROBERTO EZEQUIEL,25300230,6,0
310,MACEIRA,ROBERTO MANUEL,5216655,6,0
311,MACEIRA,SUSANA MAGDALENA,11160324,6,0
312,MACEIRA,TOMAS,34115698,6,0
313,MACEIRA,VALENTIN,41097718,6,0
314,MACEIRA,VERONICA CARINA,22876100,6,0
315,MACHADO,CAMILA NICOLE,41097795,6,0
316,MACHADO,DORA FLORENCIA,31598072,6,0
317,MACHADO,JORGE HORACIO,24973518,6,0
318,MACHADO,MARCOS DAVID,29860495,6,0
319,MACHADO,RUBEN AMILCAR,25873994,6,0
320,MACHADO,VALERIA ALEJANDRA,34115646,6,0
321,MACIEL,DANIEL EMELINDO,21599050,6,0
322,MACIEL,KAREN,38436469,6,0
323,MACIEL,LILIANA ESTHER,26206073,6,0
324,MACIEL,MARIA JOSE,22857473,6,0
325,MACIEL,SEBASTIAN MARTIN,26022504,6,0
326,MADDALENI,MARTA LILIANA,14462672,6,0
327,MADERO,JUAN JOSE,5209203,6,0
328,MADERO,SANTIAGO,28422042,6,0
329,MAGARIÑOS,HAYDEE CONSUELO,700099,6,0
330,MAGUNA,ALEJANDRA ZUNILDA,17886830,6,0
331,MAGUNA,NADIA SOLEDAD,34631845,6,0
332,MAGUNA,SILVIA ADRIANA,18237229,6,0
333,MAGUNA,WALTER LEANDRO IVAN,39293953,6,0
334,MAGUNA,WALTER LUIS,16233900,6,0
335,MAIDANA,ADRIANA PATRICIA,42577947,6,0
336,MAIDANA,CAMILA MARIELA,41866093,6,0
337,MAIDANA,DIEGO DEMIAN,44764121,6,0
338,MAIDANA,MICAELA CELESTE,39643135,6,0
339,MAIDANA,RUBEN PABLO,26098683,6,0
340,MAJIRENA,MARIA DEL CARMEN,31538864,6,0
341,MALDONADO,ELSA LIBERTAD,6230817,6,0
342,MALDONADO,LUCIANA ELINA,29018344,6,0
343,MALDONADO,MARIA DEL CARMEN,11019611,6,0
344,MALDONADO,MARIA REGINA,24973507,6,0
345,MALDONADO,ROMANA FERNANDA LORENA,26307781,6,0
346,MALLA,CARMEN ETEL,10580382,6,0
347,MAMBRIN,LORENA ELISABET,24936808,6,0
348,MANOUKIAN,AGUSTINA IRENE,42038264,6,0
349,MANOUKIAN,MARINA PILAR,25653866,6,0
350,MANRIQUE,HERMINIA NOEMI,5002247,6,0