1,SAGARDOYHEGUY,RUBEN JORGE,12491122,9,0
2,SAGER,EDUARDO HUGO,5224134,9,0
3,SALAMEN,CECILIA ESTER,31938234,9,0
4,SALAS,NOEMI EDITH,17874935,9,0
5,SALAYETA,MARIA ELENA,701487,9,0
6,SALERNO,DOMINGO,14528392,9,0
7,SALINAS,ISMAEL ANIBAL,14139612,9,0
8,SALINAS,ISMAEL OMAR,5203053,9,0
9,SALINAS,NORMA EDIT,16670710,9,0
10,SALINAS,OLGA BEATRIZ,13543401,9,0
11,SALINAS,OMAR ALBERTO,14737873,9,0
12,SALINAS,ROBERTO ALBERTO,14737900,9,0
13,SALINAS GOMIERO,JUAN MIGUEL,30530310,9,0
14,SALOMON,DOMINGA FLORA,13207921,9,0
15,SALVATTORE,ROSA NATALIA,3426797,9,0
16,SAMBERRO,ESTEBAN ADRIAN,27060731,9,0
17,SAMBERRO,GRISELDA EDITH,23667982,9,0
18,SAMBERRO,JUAN FRANCISCO,41458403,9,0
19,SAMBERRO,JUAN JOSÉ,17559810,9,0
20,SAMBERRO,JUAN PAULINO,38959759,9,0
21,SAMBERRO,MARIA ROSA,21446179,9,0
22,SAN MARTIN,BIANCA,44518754,9,0
23,SAN MARTIN,DENIS ALEXANDER,34115699,9,0
24,SAN MARTIN,ERNESTO HUGO,21921706,9,0
25,SAN MARTIN,ERNESTO MIGUEL,5217558,9,0
26,SAN MARTIN,FRANCISCO SALUSTIANO,44518711,9,0
27,SAN MARTIN,GASTON,24973501,9,0
28,SAN MARTIN,JAVIER ADRIAN,29885804,9,0
29,SAN MARTIN,JOHANA DENISE,34115799,9,0
30,SAN MARTIN,MARIA CECILIA,30288896,9,0
31,SAN MARTIN,MARIA SUSANA,27379450,9,0
32,SAN MARTIN,MARTINA,41097734,9,0
33,SAN SEBASTIAN,HIPOLITO,44460971,9,0
34,SAN SEBASTIAN,ISIDRO,41802277,9,0
35,SAN SEBASTIAN,JUAN MARTIN,42495300,9,0
36,SANCHEZ,ALEJANDRO DANIEL,30288507,9,0
37,SANCHEZ,ANA MARIA,12124703,9,0
38,SANCHEZ,AYELEN SOLEDAD,40742755,9,0
39,SANCHEZ,INGRID AILÉN,45895240,9,0
40,SANCHEZ,JUAN ANGEL GUSTAVO,23359210,9,0
41,SANCHEZ,LUCAS NAHUEL,34412956,9,0
42,SANCHEZ,MILAGROS SOLEDAD,35821371,9,0
43,SANCHEZ,PABLO DANIEL,38852158,9,0
44,SANCHEZ,PAULA LORENA,23246406,9,0
45,SANCHEZ VIAMONTE,FEDERICO,23005660,9,0
46,SANCHEZ VIAMONTE,MANUELA,32060140,9,0
47,SANCHEZ VIAMONTE,MARIANA,27379433,9,0
48,SANCHEZ VIAMONTE,MARTINA,31598071,9,0
49,SANCHEZ VIAMONTE,OSVALDO JULIO,5215952,9,0
50,SANCHEZ VIAMONTE,PATRICIO,26074427,9,0
51,SANDOVAL,ERIKA JACQUELINE,33660309,9,0
52,SANDOVAL,HUGO DANIEL,30582017,9,0
53,SANDOVAL,JESICA MARIBEL,31640019,9,0
54,SANDOVAL,MARTIN MATIAS,45267127,9,0
55,SANTALUCIA,ANTONELLA,44110983,9,0
56,SANTALUCIA,JUAN CRUZ,42454819,9,0
57,SANTALUCIA,LILIANA KARINA,22840866,9,0
58,SANTALUCIA,MATEO,44592793,9,0
59,SANTALUCIA,RAFAEL HUMBERTO,20616012,9,0
60,SANTANDER,MARIA ESTHER,18420217,9,0
61,SANTANDER,ROSA MONICA,20950231,9,0
62,SANTILLAN,MARIA ISABEL,24414534,9,0
63,SANTILLAN,MARIA LAURA,30267329,9,0
64,SANTILLAN,SANTIAGO,1184830,9,0
65,SARAZOLA,DANIEL OSCAR,25459009,9,0
66,SARAZOLA,DELFINA JUDHIT,44518794,9,0
67,SARAZOLA,JULIAN GABRIEL,24414531,9,0
68,SARAZOLA,MARTINA MICAELA,41025683,9,0
69,SARAZOLA,NICOLAS GABRIEL,41097775,9,0
70,SARENA HARAMBERRY,MARIA MAGDALENA,3438902,9,0
71,SAULINO,GERMAN ALBERTO,5110880,9,0
72,SCALISE,VALERIA VIVIANA,26069878,9,0
73,SCANDROGLIO,DELIA ESTER,4560473,9,0
74,SCANDROGLIO,HUGO C,17050027,9,0
75,SCANDROGLIO,MICAELA,39801451,9,0
76,SCANDROGLIO,SERGIO FABIAN,17050022,9,0
77,SCHIRO,RAUL ALBERTO,16900194,9,0
78,SCHMITT,GUILLERMO EDMUNDO,20471150,9,0
79,SCHNEEBELI,GERARDO CARLOS,17307724,9,0
80,SCHNEEBELI,JENNIFER SOLANGE,36527321,9,0
81,SCHNEEBELI,PRISCILA EVELYN,34958414,9,0
82,SCHNEEBELI,ROSA ELENA,14137321,9,0
83,SCHRRO,SEBASTIAN AGUSTIN,46341219,9,0
84,SCHWINDT,CLAUDIA ELIZABETH,21548252,9,0
85,SCROCCA,MARIA LAURA,22417177,9,0
86,SEGURA,DIANA VANESA,28648812,9,0
87,SENA,ANTONIA MABEL,29991337,9,0
88,SENA,MARCOS JAVIER,28753722,9,0
89,SEPULVEDA GJURINOVIC,ALVARO,43387022,9,0
90,SEUBART,RODOLFO DAMIAN,23671110,9,0
91,SEUBART MARTINEZ,VLADIMIR,45296729,9,0
92,SEVERINO,LAURA ELIZABETH,21716691,9,0
93,SEVERO,FLORENCIA YANINA,35408422,9,0
94,SILVA,LORENZO JUSTINO,24465147,9,0
95,SILVA,MARIA CRISTINA,18540130,9,0
96,SILVA,ROMINA YANEL,34760661,9,0
97,SILVESTRI,BRUNO,41130853,9,0
98,SILVESTRI,FRANCO,46264199,9,0
99,SIMON,BERNARDO JUAN,5208017,9,0
100,SIMON,CECILIA LORENA,29641518,9,0
101,SIMON,CRISTIAN JAVIER,31555758,9,0
102,SIMON,MAITENA ABRIL,44518767,9,0
103,SIMON,MARIA DANIELA,21446113,9,0
104,SIMON,MIRTA LUJAN,5002390,9,0
105,SINGER,MARIA,40655740,9,0
106,SIROMI,JULIA YAMILA,30058706,9,0
107,SIRONI,JUAN CARLOS,12121949,9,0
108,SIRONI,MOIRA ANAHI,31336209,9,0
109,SIVORI,LUCIA IVANA,27857753,9,0
110,SKAMPERLE,MARTA FRANCISCA,10554932,9,0
111,SMART,GUILLERMO LAMONT,4291036,9,0
112,SMART,MARIA FLORENCIA,5078305,9,0
113,SOCODOBER,ADRIAN MANUEL,33348948,9,0
114,SOCODOBER,AGUSTINA,34115714,9,0
115,SOCODOBER,CARLOS C,18422080,9,0
116,SOCODOBER,EMILIA,40093296,9,0
117,SOCODOBER,GUILLERMO E,14139623,9,0
118,SOCODOBER,MARICEL,34115779,9,0
119,SOCODOBER,NOELIA ANAHI,34115723,9,0
120,SOCODOBER,OSCAR FABIAN,14737889,9,0
121,SOLIMANDO,IVAN,45132081,9,0
122,SOLIMANDO,MARIO CRISTIAN,24817042,9,0
123,SOLIMANDO,SERGIO,45132080,9,0
124,SOLIS,ALEJANDRO MIGUEL,32276286,9,0
125,SOLIS,JULIA ROSANA,34115686,9,0
126,SOLIS,LEONARDO GABRIEL,44189026,9,0
127,SOLIS,MARIA DE LOS ANGELES,17711399,9,0
128,SOLIS,MARIANO GASTON,31044906,9,0
129,SOLIS,MARINA LETICIA,32060104,9,0
130,SOLIS,NICOLAS ARIEL,33658865,9,0
131,SOLIS,PATRICIA SUSANA,18428842,9,0
132,SOLIS,SILVINA PAOLA,28833262,9,0
133,SOLIS,SUSANA HAYDEE,34115621,9,0
134,SOLIS,TATIANA MILAGROS,46339188,9,0
135,SOLIS,VALERIA ALEJANDRA,27530288,9,0
136,SOMMER,ADRIANA BEATRIZ,31598061,9,0
137,SOMMER,ERNESTO OSCAR,11160315,9,0
138,SORIA,CLAUDIA BEATRIZ,29860498,9,0
139,SORIA,ELIZABETH ROSANA MARIA,31044926,9,0
140,SORIA,EMMANUEL OSCAR,32030782,9,0
141,SORIA,GISELA MONICA NOEMI,31044927,9,0
142,SORIA,HECTOR RAFAEL,14737886,9,0
143,SORIA,MARTINA ABRIL,44518780,9,0
144,SORIA,NOELIA BELEN,34115711,9,0
145,SORIA,RAUL ISMAEL,12742421,9,0
146,SORIA,RAUL MARTIN,29860485,9,0
147,SOSA,ANGEL ELOY,5383120,9,0
148,SOSA,ANITA SUSANA,3951727,9,0
149,SOSA,CLAUDIA DANIELA,32827064,9,0
150,SOSA,DOMINGO CARLOS,5216663,9,0
151,SOSA,GISELE ANAHI,37344463,9,0
152,SOSA,JORGE ALFREDO,17834031,9,0
153,SOSA,JULIO ALBERTO,17559808,9,0
154,SOSA,LUDMILA SOLANGE,30288873,9,0
155,SOSA,LUZ ELENA,12991939,9,0
156,SOSA,MARIA ALEJANDRA,23301865,9,0
157,SOSA,MARIA LAURA,34101558,9,0
158,SOSA,RAMONA LEONOR,12739295,9,0
159,SOTELO,JORGE SERAFIN ALBERTO,27242987,9,0
160,SOTELO,PRISCILA,46629328,9,0
161,SOTO,GREGORIO RUFINO,10096637,9,0
162,SOTO,LUCIO ELOY,33876280,9,0
163,SOTO,MARIA OFELIA,28648785,9,0
164,SPERLING,ERNESTO ENRIQUE,29658592,9,0
165,SPERLING,VICTOR CARLOS,27847300,9,0
166,SPERONI,PEDRO SEGUNDO,7761432,9,0
167,SPOSITO,PEDRO GUSTAVO,14025801,9,0
168,STALLA,MATIAS JOAQUIN,32906494,9,0
169,STANISCIA,CRISTIAN ALEJANDRO,34134826,9,0
170,SUAREZ,ANA ROSA,4095096,9,0
171,SUAREZ,ANGEL M,10261084,9,0
172,SUAREZ,YOLANDA GRACIELA,11458155,9,0
173,SUELDO,CARLA SOLEDAD,37443775,9,0
174,SULLINGS,ROXANA SOLEDAD,36527375,9,0
175,SURGEN,ALAN AGUSTIN,41689458,9,0
176,SURGEN,BARBARA GISELA,36951145,9,0
177,SURGEN,ESTEBAN NAHUEL,41097739,9,0
178,SURGEN,FACUNDO NICOLAS,47259233,9,0
179,SURGEN,GERMAN MATIAS,38465487,9,0
180,SURGEN,LUIS ALBERTO,23944355,9,0
181,SUSANNE,MONICA MABEL,14245024,9,0
182,SVENSON,JESICA PAMELA,33928133,9,0
183,SZPYRKA,SILVIA CARINA,20645601,9,0
184,TADDEO,GUSTAVO CESAR,29454813,9,0
185,TADDEO,MARIA CECILIA,28928823,9,0
186,TADDEO,MARIA ROMINA,31598051,9,0
187,TADDEO,MARIANO MIGUEL,27060743,9,0
188,TADDEO,MATIAS,44518720,9,0
189,TADDEO,MIGUEL,10979068,9,0
190,TADDEO,NICOLAS IGNACIO,41025611,9,0
191,TADDEO,VALENTINA,44518768,9,0
192,TADDEO ORTIZ,FRANCO VLADIMIR,41675716,9,0
193,TAHUIL,ELIN,36764882,9,0
194,TAMAME,LUCAS EDUARDO,29809084,9,0
195,TARANTINO,FILOMENA DOMINGA,10748795,9,0
196,TARANTINO,NICOLAS DAVID,33348949,9,0
197,TARANTINO,SALVADOR JOSE,8317122,9,0
198,TARANTINO,SARA EVANGELINA,32030795,9,0
199,TARGIANO,BAUTISTA,44518748,9,0
200,TARGIANO,MATIAS EMANUEL,28532734,9,0
201,TASURI,CARLINA MABEL,30370583,9,0
202,TASURI,FACUNDO YAEL,45902350,9,0
203,TAVELLA,NANCY IVANNA,33306483,9,0
204,TAVERNA,AGUSTIN ALEJANDRO,41097750,9,0
205,TAVERNA,CRISTIAN DARIO,23013278,9,0
206,TAVERNA,EDGARDO MIGUEL ANGEL,16085700,9,0
207,TAVERNA,FEDERICO ALEJANDRO,34115758,9,0
208,TAVERNA,HUGO MARCELO,21868717,9,0
209,TAVERNA,LUIS ALEJANDRO,33348934,9,0
210,TAVERNA,MAXIMILIANO ALEXIS,30877828,9,0
211,TAVERNA,MIRTA PATRICIA,14737868,9,0
212,TAVERNA,NORMA ALICIA,13543418,9,0
213,TAVERNA,RAMIRO ALBERTO,44115170,9,0
214,TAVERNA,RICARDO ALBERTO,28648824,9,0
215,TAVERNA,RICARDO OBDULIO,11031104,9,0
216,TAVERNA,RODOLFO A,17422162,9,0
217,TAVERNA,RODOLFO JULIAN,24934774,9,0
218,TAVERNA,VALERIA ELIANA,30530464,9,0
219,TAVERNA COMUNELLI,STEFANIA,38017552,9,0
220,TEBES,ANTONIO ARMANDO,27060729,9,0
221,TEBES,GUADALUPE,44518746,9,0
222,TEBES,HELGA ROMINA,25873992,9,0
223,TEBES,LILIANA EVELINA,23448071,9,0
224,TEBES,VANESA,25459017,9,0
225,TETA,MARIA LUISA,23915564,9,0
226,TETA,MONICA SANDRA,17782752,9,0
227,TETA,SILVIA BEATRIZ,18344285,9,0
228,TISNES,MABEL CRISTINA,4560474,9,0
229,TOLEDO,ANIBAL NICOLAS,30634813,9,0
230,TOLEDO,EDUARDO EZEQUIEL,33747331,9,0
231,TOLEDO,GRACIELA ESTER,13543440,9,0
232,TOLEDO,HECTOR ROBERTO,10854238,9,0
233,TOLEDO,SOFIA PILAR,13543442,9,0
234,TOMAS,FACUNDO SEBASTIAN,40226178,9,0
235,TOMAS,NAHUEL ALBERTO,38850887,9,0
236,TOMAS,PABLO AGUSTIN,44106713,9,0
237,TORRES,HECTOR EDUARDO,35408988,9,0
238,TORRES,MATIAS EZEQUIEL,37369661,9,0
239,TORRES,RAMON ANTONIO,18121604,9,0
240,TORREZ,MARIO FABIAN,28014337,9,0
241,TORRILLA,SONIA RAQUEL,17782761,9,0
242,TOSCANO,FERNANDO GABRIEL,27950197,9,0
243,TOURIÑAN,CARLOS ALBERTO,7739551,9,0
244,TRISTAN,JUAN CARLOS,8108030,9,0
245,TRISTAN,JUAN CARLOS,32060145,9,0
246,TRISTAN,LUIS FELIX,31044929,9,0
247,TRISTAN,MARIA CELINA,34115743,9,0
248,TRISTAN,MIRTA SUSANA,5002303,9,0
249,TRONCOSO,NATALIA SOLEDAD,32432650,9,0
250,TRUCHET,CHRISTIAN ABEL,25269458,9,0
251,ULAHOS,SILVINA BEATRIZ,24973503,9,0
252,UNANUE,MIRTA SUSANA,14139630,9,0
253,UNCHALO,ADA BEATRIZ,6474955,9,0
254,URBIZU,GUILLERMINA ESTHER,31044901,9,0
255,URBIZU,MARIO,5217227,9,0
256,URBIZU,MARIO MIGUEL,22516355,9,0
257,URRIOLABEYTIA,SILVIA MABEL,27144655,9,0
258,URRUSPIL,FRANKLIN UBALDO,26496031,9,0
259,URRUTIA,JESICA TAMARA,31785622,9,0
260,URUEÑA,ESTELA HELVECIA,3615499,9,0
261,VALDES,MIGUEL ANGEL,13744939,9,0
262,VALDEZ,CRISTIAN EZEQUIEL,35341009,9,0
263,VALDEZ,JOSE CIRIACO,10883628,9,0
264,VALDEZ,MARIA ROSA,25901888,9,0
265,VALDEZ,MAURO EZEQUIEL,31938223,9,0
266,VALENZUELA,ANGEL,7521977,9,0
267,VALENZUELA,ISABEL A,1737662,9,0
268,VALIA GONZALEZ,JUAN CRUZ,36092548,9,0
269,VALIN,HUGO EMILIO,20499315,9,0
270,VALLEJOS,MAXIMILIANO GERMAN,46011377,9,0
271,VALLEJOS,NATALIA LORENA,40508723,9,0
272,VALLET,LUIS GABRIEL,20645995,9,0
273,VALTCHEFF,JOAQUINA BASILIA,6140877,9,0
274,VAN MONLEGHEY,LUCIA MILAGROS,42839507,9,0
275,VANDEVALLE,GUILLERMO PATRICIO,37380542,9,0
276,VANDEVALLE,MATIAS ALEJANDRO,38692769,9,0
277,VANZATO,LAURA ROCIO,35211782,9,0
278,VARELA,ANALIA EDITH,12991912,9,0
279,VARELA,CARLOS MATIAS,31507193,9,0
280,VARELA,ESTER NOEMI,3426392,9,0
281,VARELA,JUAN CARLOS,14139614,9,0
282,VARELA,JUAN SANTIAGO,34115715,9,0
283,VARELA,JULIO CESAR,14737875,9,0
284,VARELA,MARIA CAROLINA,37915087,9,0
285,VARELA,MARIA ROSA,34115643,9,0
286,VARELA,RAMON ANIBAL,8317115,9,0
287,VARGAS,ALAN DANIEL,38926202,9,0
288,VARGAS,ALEXIS MAXIMILIANO,33348952,9,0
289,VARGAS,AUGUSTO ELIAS,27341991,9,0
290,VARGAS,CESAR DANIEL,13934898,9,0
291,VARGAS,JAZMIN DEL MAR,43660316,9,0
292,VARGAS,MAURICIO ELIAS,43573364,9,0
293,VASQUEZ,HECTOR DANIEL,22097544,9,0
294,VASQUEZ,LUCILA BEATRIZ,44518712,9,0
295,VASSALLO,LUCILA,819956,9,0
296,VASSOLO,DIEGO AGUSTIN,27534821,9,0
297,VASSOLO,DIEGO RICARDO,4418170,9,0
298,VASSOLO,JUAN MANUEL,30531966,9,0
299,VASSOLO,MARIA BAUTISTA,26248945,9,0
300,VASSOLO,MILENA,35077096,9,0
301,VAZQUEZ,CLEMENTINA OFELIA,2146921,9,0
302,VAZQUEZ,VILMA ESTER,11544123,9,0
303,VEGA,MARIA SUSANA,23480331,9,0
304,VEGAS,WALTER MIGUEL,14914792,9,0
305,VELAZCO,JUANA MARIA,16464040,9,0
306,VELAZCO,JULIO CESAR,24269751,9,0
307,VELAZCO GILES,BRISA AYLEN,41097776,9,0
308,VELAZQUEZ,GRACIELA BLANCA,37468675,9,0
309,VENTURO,JORGE DARIO,25300294,9,0
310,VENZATO,ENRIQUE IRAUL,1180949,9,0
311,VERA,ALICIA RAQUEL,22926364,9,0
312,VERA,CARLA FERNANDA,32065454,9,0
313,VERA,FEDERICO GERVASIO,27060730,9,0
314,VERA,JUAN ALEXANDER BENJAMIN,44276321,9,0
315,VERA,NORMA HILARIA,14799326,9,0
316,VERA,VALERIA MERCEDES,27379449,9,0
317,VERON,NORMA BEATRIZ,16367061,9,0
318,VIERA,PRISCILA JEMIMA,37699070,9,0
319,VIGOT,HILDA NOEMI,4433978,9,0
320,VIGOT,JUAN CARLOS,11827033,9,0
321,VIGOT,JUAN PABLO,30288879,9,0
322,VIGOT,OLGA ESTER,4433996,9,0
323,VIGOT,OSCAR ALBERTO,5216665,9,0
324,VILCHES,WALTER GERMAN,33591763,9,0
325,VILLA DIAZ,JULIANA SOLEDAD,35407842,9,0
326,VILLALBA,MARINA VANESA,36845494,9,0
327,VILLALVA,CARLOS ANTONIO,28832645,9,0
328,VILLALVA,PEDRO ULISES,45598232,9,0
329,VILLAMIL,VICTOR SAUL,25553164,9,0
330,VILLAR,ALEJANDRO ISAAC,12310894,9,0
331,VILLEGAS,BRENDA,37915009,9,0
332,VILLEGAS,DIEGO MAXIMILIANO,34115653,9,0
333,VILLEGAS,MILAGROS,37915071,9,0
334,VILLEGAS,RAUL ALBERTO,27060747,9,0
335,VILLEGAS,YONATAN EZEQUIEL,34115652,9,0
336,VISCOMI,MARINA,27559939,9,0
337,VISCOMI,SILVANA,26149960,9,0
338,VITALE,ANIBAL VICENTE,29468014,9,0
339,VITALE,CELIA ADRIANA,26407602,9,0
340,VITALE,DANTE JOSE ANIBAL,46011323,9,0
341,VITALE,LUIS RODOLFO VICENTE,45287175,9,0
342,VITALE,MARIA SOLEDAD,22422069,9,0
343,VITALE,NAHUEL IVAN,42173874,9,0
344,VIVARDO,LEONARDO JOSE,36110271,9,0
345,VIVARDO,SANTOS NAHUEL,35648969,9,0
346,VLAHOS,CLAUDIA MARCELA,21502084,9,0
347,VLAHOS,GABRIELA SUSANA,30288890,9,0
348,VLAHOS,JORGE DOMINGO,5210960,9,0
349,VLAHOS,MARIA CRISTINA,4433993,9,0
350,VLAHOS,ZULMA VIVIANA,27060745,9,0