1,ALBORNOZ,WALTER,92872576,9001,0
2,ALVARADO ABURTO,NANCY DEL CARMEN,92702265,9001,0
3,ALVARENGA DE GONZALEZ,ZUNI ESTELA,94665884,9001,0
4,ARIAS RODRIGUEZ,EDUARDO EBER,94323230,9001,0
5,ARIAS RODRIGUEZ,VICTOR,92906564,9001,0
6,BARRIOS ENCINA,MATIAS DANIEL,95164463,9001,0
7,BARRIOS ENCINA,MAXIMINA,94864270,9001,0
8,BRITOS,JUANA MARLENE,94559330,9001,0
9,CABRAL ALMADA,NOELIA RAQUEL,94524891,9001,0
10,CABRERA,WALTER TADEO,93057950,9001,0
11,CAMACHO VASQUEZ,FREDY ALFREDO,94174873,9001,0
12,CARDOZO QUINTANILLA,JUAN PEDRO,92166344,9001,0
13,CARMICHAE,JUDITH,93654287,9001,0
14,CINCUNEGUI,MIRTA MARGARITA,92756730,9001,0
15,CINCUNEGUI,RICARDO ENRIQUE,92756729,9001,0
16,COLMAN JARA,MARGARITA,92819365,9001,0
17,CORONEL RUIZ DIAZ,ALICIA,95038380,9001,0
18,CORTEZ ZANELLA,EFRAIN MANASES MIGUEL,92653307,9001,0
19,COSTOPULOS GASCO,BLANCA ARACELI,92875447,9001,0
20,ESPOSITO VIDAL,EDUARDO ANIBAL,92579885,9001,0
21,ESPOSITO VIDAL,GERARDO HEBERT,92578001,9001,0
22,ESPOSITO VIDAL,MARIA CRISTINA,92578002,9001,0
23,ESPOSITO,WASHINGTON VICTORIO,92340376,9001,0
24,GAO,LIJIN,95172183,9001,0
25,GILIBERTO,EUGENIA,93643940,9001,0
26,GONZALEZ CABALLERO,LORENZO,93652524,9001,0
27,HEUBERGER,HELENE,94177030,9001,0
28,HORTI,EFTHALIA,93549383,9001,0
29,IVANTSOV,KYRYLO,95301082,9001,0
30,LUIZAGA LOPEZ,ELSA,92476748,9001,0
31,MARTINEZ,RAMONA,95490074,9001,0
32,MESA,HUGO MARCELO,92053760,9001,0
33,MONTIEL AYALA,LUIS ALBERTO,94564081,9001,0
34,OLMEDO CARDOZO,BLANCA SUSANA,95557676,9001,0
35,ORTIZ GARCETE,EUNICE YOLANDA,94782284,9001,0
36,PENAYO,RAFAEL,94797723,9001,0
37,PETERSON,KARL BOCK,93654286,9001,0
38,RODRIGUEZ CASTIN,STELLA MARIS,92679749,9001,0
39,RODRIGUEZ RAMOS,SILVINO,94178340,9001,0
40,RODRIGUEZ,ROMAN,93595631,9001,0
41,RUIZ MARTINEZ,EVER MIGUEL,94884591,9001,0
42,RUIZ MARTINEZ,LUIS ANTONIO,94554259,9001,0
43,RUIZ MARTINEZ,MARTIN,94606415,9001,0
44,SANABRIA BRITEZ,LIZ VERONICA,94849951,9001,0
45,SANCHEZ,ALFREDO,95373448,9001,0
46,SEPULVEDA GJURIMOVIC,JOSE RAIMUNDO,92569463,9001,0
47,SOLODNIKOVA,TETYANA,93766805,9001,0
48,SUARDIAZ,ENRIQUE ANGEL,93595458,9001,0
49,TOLEDO MARRA,RAQUEL,95003069,9001,0
50,TORRES,LUZ DIVINA,92053845,9001,0
51,TORRES TORALES,ALBERTO OMAR,93986918,9001,0
52,TORRES ZARZA,MILCIADES RAMON,95015245,9001,0
53,VIDAL ANTELO,ESTHER CAROLINA,92558819,9001,0
54,VILLALBA REYES,GRACIELA,92716570,9001,0