1,MAQUIRRIAIN,SANDRA MARIA,20546176,7,0
2,MARAÑON,MIRTA NELLY,12422204,7,0
3,MARCELINO,CLAUDIA MABEL,26842558,7,0
4,MARCELINO,JUAN CARLOS,10096357,7,0
5,MARCELINO,JUAN MARTIN,29031992,7,0
6,MARFORIO,ALAN EZEQUIEL,35339112,7,0
7,MARFORIO,DAIANA ESTELA,36262624,7,0
8,MARINELLI,AGUSTIN ANGEL,34948602,7,0
9,MARINELLI,ANABELLA FLORENCIA AGUSTINA,36160473,7,0
10,MARINELLI,JUAN SEBASTIAN,34411794,7,0
11,MARINELLI,LARA GIOVANNA,44518769,7,0
12,MARINELLI,MARIA ANTONELA,30862579,7,0
13,MARIO,NANCY MABEL,16670706,7,0
14,MARKS,TOBIAS EMILIO,38852197,7,0
15,MARKS,URIEL AGUSTIN,41099782,7,0
16,MARRECO,JOSE DOMINGO,27559971,7,0
17,MARRERO,ADRIANA ELIZABETH,31999194,7,0
18,MARRERO,MIGUEL ANGEL,12124738,7,0
19,MARRUEDO,EUGENIA BEATRIZ,31586074,7,0
20,MARRUEDO,JONATAN HERNAN,32060106,7,0
21,MARTIARENA,SUSANA NOEMI,17796750,7,0
22,MARTIN,LURDES MARICEL,31554833,7,0
23,MARTINEZ,ARIEL HERIBERTO,8317107,7,0
24,MARTINEZ,CRISTINA ESTER,22184444,7,0
25,MARTINEZ,EDIT MABEL,18050828,7,0
26,MARTINEZ,EMANUEL DAMIAN,26642523,7,0
27,MARTINEZ,FRANCO EDUARDO,28928826,7,0
28,MARTINEZ,GONZALO DAVID,34115766,7,0
29,MARTINEZ,KAREN STEFANIA,40831938,7,0
30,MARTINEZ,LAURA BEATRIZ,29689491,7,0
31,MARTINEZ,LAURA VANESA,33185336,7,0
32,MARTINEZ,LAUTARO NICOLAS,39644001,7,0
33,MARTINEZ,LUCAS ARNALDO,42580717,7,0
34,MARTINEZ,MARIA SILVINA,23682200,7,0
35,MARTINEZ,MARIA SOL,36300359,7,0
36,MARTINEZ,NIEVES,1642198,7,0
37,MARTINEZ,NORMA ESTER,12422209,7,0
38,MARTINEZ,RICARDO IDELMAR,11827046,7,0
39,MARTINEZ,RICARDO RAMON,1180765,7,0
40,MARTINEZ,ROCIO TATIANA,44885217,7,0
41,MARTINEZ,RUFFO ARMANDO,43519977,7,0
42,MARTINEZ MACEIRA,MARIA AGUSTINA,37423253,7,0
43,MARTINEZ MACEIRA,MARIA MANUELA,37423254,7,0
44,MARTINEZ MACEIRA,PABLO SANTIAGO,41207425,7,0
45,MARTINEZ MIRANDA,MARINA MARIA LUJAN,27379444,7,0
46,MARTINEZ MIRANDA,ARIEL GERONIMO FRANCISCO,34115719,7,0
47,MARTINEZ MIRANDA,MANUELA AGUSTINA ESTHER,34115795,7,0
48,MARTINEZ MIRANDA,MARIA EVA MARIELA,32060123,7,0
49,MARTINEZ MIRANDA,ROMAN CRUZ ARIEL,23448067,7,0
50,MARTINEZ MIRANDA,SILVANO RICARDO JOSÉ,29219058,7,0
51,MARUF,ALEJANDRA AMALIA,25332372,7,0
52,MARZANO,LUANA AYELEN,39277607,7,0
53,MASSARO,OMAR LUIS,4892584,7,0
54,MATOS,CLAUDIA CECILIA,14806733,7,0
55,MATOS,LORENA RAQUEL,29191180,7,0
56,MAUREGUI,MIGUEL ANGEL,10257655,7,0
57,MAURI,DIANA PATRICIA,22029678,7,0
58,MAURI,FABIAN THIAGO,44518726,7,0
59,MAURI,HUGO LIONEL,25459005,7,0
60,MAURI,LEONARDO OSCAR,26409754,7,0
61,MAURI,LUIS MARIA,8317104,7,0
62,MAURI,MARIA ANGELICA,4560498,7,0
63,MAURI BARRIOS,ALEXIA CLARIBEL,40093277,7,0
64,MAURI BARRIOS,LEONARDO IAN,41025675,7,0
65,MAYAL,NERINA ELIZABETH,23889344,7,0
66,MAYORA,PAULA ANDREA,26489203,7,0
67,MAYURI BERNAOLA,FLORENCIA ISABEL,20388047,7,0
68,MAZZUCHELLI,NELLY M,16369706,7,0
69,MEDINA,ALEJO,41167110,7,0
70,MEDINA,ALFREDO DANIEL,14737876,7,0
71,MEDINA,ANDREA FABIANA,20384964,7,0
72,MEDINA,BERTA ELSA,4433975,7,0
73,MEDINA,BRISA DEL MAR,41097710,7,0
74,MEDINA,CANDELA,41097733,7,0
75,MEDINA,CARLOS TIMOTEO,25459006,7,0
76,MEDINA,EMILCE SOLEDAD,40093258,7,0
77,MEDINA,GEORGINA SOL,41025689,7,0
78,MEDINA,GONZALO,41097786,7,0
79,MEDINA,GONZALO MANUEL,41025688,7,0
80,MEDINA,JOHANA SOLEDAD,34115639,7,0
81,MEDINA,JOSE A,5207504,7,0
82,MEDINA,JULIO A,5207577,7,0
83,MEDINA,JULIO FABIAN,20036542,7,0
84,MEDINA,LUIS LEONARDO,21921707,7,0
85,MEDINA,MARCELA EDITH,27122379,7,0
86,MEDINA,MARIA ESTHER,2937914,7,0
87,MEDINA,MARIA NOEL,30530362,7,0
88,MEDINA,MAYRA MARIELA,40093251,7,0
89,MEDINA,NOELIA RAMONA,27836934,7,0
90,MEDINA,OLGA ESTHER,2937929,7,0
91,MEDINA,OSCAR ROBERTO,16670713,7,0
92,MEDINA,PABLO DANIEL,31598076,7,0
93,MEDINA,PAULA CECILIA,41025604,7,0
94,MEDINA,RODOLFO HORACIO,5210975,7,0
95,MEDINA,RODRIGO IVAN,41097702,7,0
96,MEDINA,ROMINA BEATRIZ,31598070,7,0
97,MEDINA CUESTAS,LARA MARIA,41097756,7,0
98,MEDINA CUESTAS,LAUTARO EZEQUIEL,41025670,7,0
99,MEDINA CUESTAS,LUCIA AYLEN,46629321,7,0
100,MEJIAS,MARIA CRISTINA,4558877,7,0
101,MEJIAS,MARIA OLGA,14393423,7,0
102,MELANI PALACIOS,MARIA AGUSTINA,29904870,7,0
103,MELCHIOR,CRISTINA LUCIA,13188846,7,0
104,MELIANTE CORDEIRO,FELIPE,18855738,7,0
105,MENCHACABASO,ANA ESTEFANIA,38863216,7,0
106,MENCHACABASO,CARLOS A,18497461,7,0
107,MENCHACABASO,CARLOS ALFREDO,30288892,7,0
108,MENCHACABASO,CINTIA BELEN,34115707,7,0
109,MENCHACABASO,CLAUDIA MARIELA,37915018,7,0
110,MENCHACABASO,DANIEL ALEJANDRO,41097726,7,0
111,MENCHACABASO,HORACIO ISMAEL,32060150,7,0
112,MENCHACABASO,JOSE LUIS,32060147,7,0
113,MENCHACABASO,JUAN DOMINGO,12135411,7,0
114,MENCHACABASO,MARGARITA R,4433968,7,0
115,MENCHACABASO,MARIA ISABEL,30288872,7,0
116,MENCHACABASO,MAYRA AYLEN,41097781,7,0
117,MENCHACABASO,RUBEN OSCAR,21921716,7,0
118,MENCHACABASO LEMOS,AGUSTINA MELANI,44518701,7,0
119,MENCHACABASO LEMOS,DAIANA ELISABETH,41025663,7,0
120,MENCONI,ANGELA AYELEN,41025645,7,0
121,MENCONI,DELFOR J,5214939,7,0
122,MENCONI,DULCE MARILINA,32060118,7,0
123,MENCONI,EDGARDO J,18469906,7,0
124,MENCONI,FABIAN EDUARDO,30288893,7,0
125,MENCONI,FRANCO JAVIER,34115670,7,0
126,MENCONI,GUILLERMO ERNESTO,20036451,7,0
127,MENCONI,JACQUELINE AMALIA,37915031,7,0
128,MENCONI,LUCIANA MARIA,34115676,7,0
129,MENCONI,LUCIO ALEJANDRO,20961208,7,0
130,MENCONI,LUIS NORBERTO,21599029,7,0
131,MENCONI,LUISINA DE LOS MILAGROS,34115796,7,0
132,MENCONI,MARIA PAMELA,32060126,7,0
133,MENCONI,MIGUEL EDUARDO,17422165,7,0
134,MENCONI,NAHIARA AYLEN,44115172,7,0
135,MENCONI,NAHUEL,37915076,7,0
136,MENCONI,OLGA GRACIELA,17050023,7,0
137,MENCONI,PEDRO MANUEL,41097740,7,0
138,MENCONI,RENZO ALFREDO,41025607,7,0
139,MENCONI ABRAHAM,MANUELA,41025626,7,0
140,MENDEZ,CANDELA,44518765,7,0
141,MENDEZ,CECILIA,29454807,7,0
142,MENDEZ,HERIBERTO JOSE,5215626,7,0
143,MENDEZ,JULIO OSCAR,12638865,7,0
144,MÉNDEZ,MARÍA SOL,38932708,7,0
145,MENDEZ,MARIANO,31044911,7,0
146,MENDEZ,NATALIA,27060736,7,0
147,MENDEZ,RAQUEL AMIRA,859905,7,0
148,MENDIETA,SABINO OMAR,30914009,7,0
149,MENENDEZ,MARIA DEL CARMEN,17872329,7,0
150,MENESES,NESTOR MIGUEL,33324033,7,0
151,MERCURI,RUBEN ALBERTO,10663516,7,0
152,MESA,BAUTISTA MARCELO,41097800,7,0
153,MESA,HECTOR MARCELO,24237577,7,0
154,MESA,HUGO ALBERTO,21595161,7,0
155,MESSMER,BRIAN OTTO,36778557,7,0
156,MESSMER,CLARA,44518761,7,0
157,MESSMER,FLORENCIA,32999181,7,0
158,MESSMER,OSCAR CHRISTIAN,35112394,7,0
159,MESSMER,OSCAR JUAN,11961749,7,0
160,MESSMER,SABRINA,31506106,7,0
161,MESSMER,SANTIAGO JORGE,11961750,7,0
162,MESTRE,LUIS FABIAN,20852605,7,0
163,MIGLIO,PABLO DARIO,28274517,7,0
164,MIGUEL,PATRICIA SUSANA,32432492,7,0
165,MINGHETTI,AGUSTIN,34115677,7,0
166,MINGHETTI,AGUSTIN,41025653,7,0
167,MINGHETTI,AGUSTINA SOLEDAD,41097751,7,0
168,MINGHETTI,ALBERTO JAVIER,14737860,7,0
169,MINGHETTI,ARNALDO TEODORO,5216645,7,0
170,MINGHETTI,BRUNO,40093252,7,0
171,MINGHETTI,CARLOS ALBERTO,10363027,7,0
172,MINGHETTI,CECILIA BEATRIZ,30288877,7,0
173,MINGHETTI,DANIEL ALEJANDRO,27379428,7,0
174,MINGHETTI,DIEGO NOEL GERMAN,21502083,7,0
175,MINGHETTI,ERICA NAHIR,44536137,7,0
176,MINGHETTI,GEORGINA DAIANA,34115787,7,0
177,MINGHETTI,GUILLERMO LEONARDO,17422166,7,0
178,MINGHETTI,HECTOR ARNALDO,25459011,7,0
179,MINGHETTI,HECTOR R,11827039,7,0
180,MINGHETTI,IRINA,41025634,7,0
181,MINGHETTI,ISAIAS JOAQUIN,45569559,7,0
182,MINGHETTI,JENIFFER AILEN,40293179,7,0
183,MINGHETTI,JENNIFER MARIA,34115739,7,0
184,MINGHETTI,JESSICA GUADALUPE,42136529,7,0
185,MINGHETTI,JOAQUIN TEODORO,41097791,7,0
186,MINGHETTI,JOSE MARIA,1180314,7,0
187,MINGHETTI,JULIANA,34115750,7,0
188,MINGHETTI,LUCIA ISABEL,44518798,7,0
189,MINGHETTI,LUCIANO,41097723,7,0
190,MINGHETTI,LUIS ALBERTO,24414541,7,0
191,MINGHETTI,LUIS CESAR,12742413,7,0
192,MINGHETTI,MARIA ANTONIETA,13543423,7,0
193,MINGHETTI,MARIA ISABEL,12991930,7,0
194,MINGHETTI,MARIA NELIDA,4560492,7,0
195,MINGHETTI,MARIA PAOLA,25873981,7,0
196,MINGHETTI,MARIANO,37915033,7,0
197,MINGHETTI,MARTIN MANUEL,25873977,7,0
198,MINGHETTI,MICAELA,41025621,7,0
199,MINGHETTI,OLGA NOEMI,11398985,7,0
200,MINGHETTI,OSCAR ALBERTO,27918479,7,0
201,MINGHETTI,PAULA,38863204,7,0
202,MINGHETTI,REINALDO DELFOR,8317103,7,0
203,MINGHETTI,SANDRA MARINA,27060750,7,0
204,MINGHETTI,SOFIA,41097709,7,0
205,MINGHETTI,WALTER EZEQUIEL,32839138,7,0
206,MINGHETTI GUZMAN,CYNTHIA,34115663,7,0
207,MINGHETTI GUZMAN,GERMAN,31078197,7,0
208,MINHO,VICTOR MANUEL,29781015,7,0
209,MIÑO,CARLOS ROBERTO,28203070,7,0
210,MIÑO,DIEGO LUIS,32077811,7,0
211,MIÑO,LIBIA TERESITA,32115458,7,0
212,MIÑO,RAMONA DEL CARMEN,23182015,7,0
213,MIÑO,ROBUSTIANO,22065499,7,0
214,MIÑO,ROSA SUSANA,20523704,7,0
215,MIÑO MARTINEZ,LUISA PAULINA,44518764,7,0
216,MIRANDA,MABEL LUJAN,12135402,7,0
217,MIRANDA,MARIA GABRIELA,17941487,7,0
218,MIRANDA,MARTA ISABEL,14737898,7,0
219,MIRANDA,OSCAR ALFREDO,13658638,7,0
220,MIRANDA,RITA ELVIRA,11759347,7,0
221,MIRANDA,RITA GRACIELA,13658611,7,0
222,MOLINA,HORACIO,12575802,7,0
223,MONGAY,IRENE NOELIA,27626428,7,0
224,MONTENEGRO,DIANA LUCRECIA,41613537,7,0
225,MONTENEGRO,JUAN ALEJANDRO,27832737,7,0
226,MONTENEGRO,LEONARDO JAVIER,22463390,7,0
227,MONTENEGRO,OSCAR HUMBERTO,25873993,7,0
228,MONTENEGRO,PABLO ALEJANDRO,29183469,7,0
229,MONTENEGRO VALTCHEFF,JOSE LUIS,32932735,7,0
230,MONTENERO,ALEXIS DARIO,38863224,7,0
231,MONTENERO,JUAN NICOLAS,33367924,7,0
232,MONTENERO,SANDRA KARINA,23134969,7,0
233,MONTENERO VALTCHEFF,CINTIA NOELIA,31553421,7,0
234,MONTENERO VALTCHEFF,JORGE CARLOS JAVIER,34115626,7,0
235,MONTES DE OCA,BRAIAN EZEQUIEL,41025643,7,0
236,MONTES DE OCA,LUCIANO EZEQUIEL,41025678,7,0
237,MONTES DE OCA,MAURICIO FABIAN,26452097,7,0
238,MONTES DE OCA,SERGIO OSCAR,16260113,7,0
239,MONTES DE OCA,WALTER IVAN,40223584,7,0
240,MONTI,EZEQUIEL,41025617,7,0
241,MONTIEL,MARIA TERESITA,28111593,7,0
242,MONZON,JONATHAN DAVID,34744114,7,0
243,MORA,CARLOS CESAR,8505214,7,0
244,MORA,ELIANA ANDREA,31044917,7,0
245,MORA,MARTA ELENA,6230818,7,0
246,MORA,SERGIO ARIEL,25732476,7,0
247,MORALES,ELIDA LEONOR,28181235,7,0
248,MORALES,JORGE JAVIER,31329779,7,0
249,MORALES,LEON CEFERINO,29494884,7,0
250,MORALES,LUISINA,30624051,7,0
251,MORALES,NANCY ANDREA,21445810,7,0
252,MORALES,SILVIA CARINA,26463927,7,0
253,MORANDI,DIEGO MARTIN,29038525,7,0
254,MOREIRA,AILIN NOEMI,45527648,7,0
255,MOREIRA,CARMEN LUCRECIA,34581022,7,0
256,MOREIRA,GISELA ROXANA,44294591,7,0
257,MOREIRA,LUJAN VICENTE,27307031,7,0
258,MOREIRA,VICENTE GERMAN,46458002,7,0
259,MORENO,ALICIA CATALINA,11394621,7,0
260,MORENO,MICHEL ADAN,45314266,7,0
261,MORENO,OLGA RAQUEL,4082855,7,0
262,MORENO,VANINA SOLEDAD,33476089,7,0
263,MORESCO,MARIA DEL CARMEN,13057627,7,0
264,MORETE,MARIA CRISTINA,12233006,7,0
265,MOREYRA,GABRIELA ANALIA,33842756,7,0
266,MORGAVI,MARINA ELBA,32827164,7,0
267,MORGAVI,OSCAR A,10659210,7,0
268,MORO CORONEL,FIORELLA,36672904,7,0
269,MOSSI,MAGDALENA FRANCISCA,13086570,7,0
270,MOYANO,NEHEMIAS,36527305,7,0
271,MOYANO,SARA MARIA,39986154,7,0
272,MÜLLER,FEDERICO EDUARDO,34517652,7,0
273,MUNCHE,JUAN CRUZ,42157829,7,0
274,MUNILLA,CLAUDIO ORLANDO,14452283,7,0
275,MUÑOS,ADRIAN EDUARDO,43746959,7,0
276,MUÑOZ,EDUARDO ANTONIO,28481205,7,0
277,MUÑOZ,GISELA ANTONELLA,41814522,7,0
278,MUÑOZ,JULIANA,31938246,7,0
279,NACIMENTO,ARTURO ANTONIO,38170994,7,0
280,NACIMENTO,JUAN MARCOS,22065501,7,0
281,NAVARRETE,VALERIA NOEMI,29479491,7,0
282,NAVARRO,ANGEL TULIO,16682996,7,0
283,NAVARRO,CIRILA ELVA,542887,7,0
284,NAVARRO,ESTEBAN RUBEN,39811093,7,0
285,NAVARRO,GISELA NAHIR,35830161,7,0
286,NAVARRO,MERCEDES PILAR,5086513,7,0
287,NAZAR ANCHORENA,DIEGO BENJAMIN,4399976,7,0
288,NAZAR ANCHORENA,MARIA LUCILA,38152159,7,0
289,NEGRETE,JORGE ANTONIO,17676252,7,0
290,NERY,JUANA,42236211,7,0
291,NERY,MALENA,39918756,7,0
292,NICHEA,DIEGO HORACIO,23085715,7,0
293,NICHEA GODOY,FLORENCIA BELÉN,44518715,7,0
294,NICHEA GODOY,MATIAS AGUSTIN,47168070,7,0
295,NICHEA GODOY,SEBASTIAN EZEQUIEL,40979070,7,0
296,NICOLAS,IVANA CAROLINA,38551229,7,0
297,NICOLINI,LUIS ESTEBAN,24167429,7,0
298,NICOLINI,MARA VALERIA,22029287,7,0
299,NIEVAS,ADALBERTO FABIAN,20777442,7,0
300,NIEVAS,ANTONIO DANIEL,21921718,7,0
301,NIEVAS,CECILIA DOROTEA,37915077,7,0
302,NIEVAS,CRISTIAN HORACIO,22516373,7,0
303,NIEVAS,ELSA DANIELA,26409756,7,0
304,NIEVAS,ELSA LILIANA,17422159,7,0
305,NIEVAS,FATIMA,41097780,7,0
306,NIEVAS,FELISA BEATRIZ,16670725,7,0
307,NIEVAS,HORACIO RAUL,5216649,7,0
308,NIEVAS,LILIAN ESTER,14737884,7,0
309,NIEVAS,MARIA LORENZA,36868838,7,0
310,NIEVAS,PAMELA BETINA,31953691,7,0
311,NIEVAS,RAFAEL ANTONIO,41025681,7,0
312,NIEVAS,ROSA NOEMI,11160314,7,0
313,NINE,ROCIO,43471201,7,0
314,NISTOR,RAQUEL SELVA,2917684,7,0
315,NOGUERA,MARIA DE LOS ANGELES,21842362,7,0
316,NORBIS,ALFONSINA,40093255,7,0
317,NORBIS,ATILIO LUIS,32030784,7,0
318,NORBIS,MARIA DEL ROSAR,10924685,7,0
319,NOVELLINO,ESTEFANIA SOLEDAD,39746022,7,0
320,NUÑEZ,ARMANDO,14652878,7,0
321,NUÑEZ,CAMILA ESTEFANIA,45618637,7,0
322,NUÑEZ,ESTEBAN,43868654,7,0
323,NUÑEZ,MARIBEL DOLORES,32149850,7,0
324,NUÑEZ,MATIAS EZEQUIEL,34751070,7,0
325,NUÑEZ,RICARDO ELIAS,25482070,7,0
326,NUÑEZ,SAMUEL,44487744,7,0
327,NUÑEZ,SILVINA ARACELI,42068381,7,0
328,NUÑEZ,SUSANA MARIA,5002357,7,0
329,NUÑEZ,VERA LUCIA,20502356,7,0
330,OAÑA,ANALIA ELISABET,13543438,7,0
331,OAÑA,DOMINGO E.,20036548,7,0
332,OAÑA,JUAN,1180774,7,0
333,OCHANDORENA,RAUL IGNACIO,21502080,7,0
334,OCHOA,EVELINA JOANA,38838432,7,0
335,ODO,MYRIAM ETHEL,23208088,7,0
336,OJEDA,CLAUDIA VERONICA,29613045,7,0
337,OJEDA,EVELYN DAIANA,38949704,7,0
338,OJEDA,MAURICIO GUSTAVO,26024395,7,0
339,OJEDA,NESTOR LUIS,35439865,7,0
340,OJEDA,ORLANDO ROQUE,8317112,7,0
341,OJEDA,YANINA BEATRIZ,33479444,7,0
342,OJEDA RAMOS,MAXIMILIANO DANIEL,41308843,7,0
343,OLARIAGA,ALFREDO JUAN,13542178,7,0
344,OLARIAGA,ALFREDO MARTIN,28607618,7,0
345,OLARIAGA,GERMAN ALFREDO,30179807,7,0
346,OLARIAGA,GUADALUPE HAYDEÉ,31094345,7,0
347,OLARIAGA,IRMA EDITH,14340616,7,0
348,OLAZ,MATIAS,30533506,7,0
349,OLIVA,ELSA ELVIRA,4560433,7,0
350,OLIVA,EZEQUIEL,38863229,7,0