1,AGUILAR,ANA MARIA TERESA,11477226,12,0
2,ALDOY,ROSA AZUCENA,21711820,12,0
3,ALEGRE,ROCIO ROSANA,35435718,12,0
4,ALEMIS PAULEAU,MARIANA ROCIO,36635003,12,0
5,ARIAS,SARA DEL CARMEN,13981093,12,0
6,AZURI,NORMA BEATRIZ,20036545,12,0
7,BALCEDO,MARIANO EZEQUIEL,33876276,12,0
8,BARTOLOMEY,NOELIA ANDREA,28648809,12,0
9,BASUALDO,SERGIO ELEAZAR,28762828,12,0
10,BIAZZI,CARLOS OSVALDO,12176786,12,0
11,BICONDOA,BLANCA ESTER,4559018,12,0
12,BRUNO,ALAN PAUL,45863505,12,0
13,BRUNO,JOSE ANDRES,24086103,12,0
14,BRUNO,JOSE MARIA,38687659,12,0
15,CABRERA,DIEGO GUILLERMO,34865329,12,0
16,CAMPOS,PATRICIA CRISTINA,6232345,12,0
17,CARANTA,HECTOR MIGUEL,11574936,12,0
18,CARBALLO,NATALIA VANESA,30531900,12,0
19,CARRICABURU,MARIA JOSEFA,17253130,12,0
20,CASABAL,JOSE MARIA,12045049,12,0
21,CASAMAYOU,ANA LIA,12991934,12,0
22,CASAMAYOU,FELISA CATALINA,43591080,12,0
23,CASAMAYOU,SANTIAGO A,14737879,12,0
24,CASTRO,AMERICO ISMAEL,5216630,12,0
25,CEDRONE,LUIS GUSTAVO,16940872,12,0
26,CHICLANA,ELVIO,28194659,12,0
27,CHICLANA,LUCIO,24610361,12,0
28,CHILO,HECTOR FABIAN,25814891,12,0
29,CONSTANTIN,MARTA ESTER,6373415,12,0
30,COÑAQUEO,PABLO OSVALDO,21717500,12,0
31,COPELLO,AGUSTIN DIEGO,8317116,12,0
32,COPELLO,ANA LIA,32060149,12,0
33,COPELLO,MARIA LUCRECIA,30530484,12,0
34,COPELLO,NORA CRISTINA,14590758,12,0
35,DAJER,DIEGO FABIAN,18151862,12,0
36,DAJER,MARINA ALEJANDRA,36499511,12,0
37,DE LA CANAL,DANIEL LORENZO,14737888,12,0
38,DE LA CANAL,CARLOS ALBERTO,16121590,12,0
39,DE LA CANAL,CLAUDIA ANDREA,37699001,12,0
40,DE LA CANAL,DIEGO DANIEL,39746008,12,0
41,DE LA CANAL,JULIO CESAR,14139631,12,0
42,DE LA CANAL,NELSON NAHUEL,38364126,12,0
43,DE LA CANAL,RAMON HORACIO,13543422,12,0
44,DE LA TORRE,MARIA SILVINA,25269575,12,0
45,ECHEGOYEN,JUAN MANUEL,25136718,12,0
46,ELIZALDE,RAUL A,5201782,12,0
47,ERRECONDO,NELIDA ESTER,4433994,12,0
48,ESCOFET,GUSTAVO,7796519,12,0
49,ESTIVARIZ,CARLOS ALBERTO,4645377,12,0
50,ETCHANCHU,MARIA INES,37699079,12,0
51,ETCHANCHU,MARIA PAZ,41675766,12,0
52,ETCHEBARNE,HERNAN DANIEL,23322567,12,0
53,ETCHEINBORDE,JUAN EMANUEL,35393901,12,0
54,FERNANDEZ,DELMA ALICIA,18465102,12,0
55,FONTANA,ANA BELEN,29182424,12,0
56,FONTANA,NORMA MABEL,23005426,12,0
57,FUNES,JUAN MANUEL,21567099,12,0
58,FUNES,JUAN MANUEL,40129553,12,0
59,FUNES,MARIA MILAGROS,41758894,12,0
60,FUNES,MARIA SILVINA,17919898,12,0
61,GARRALDA,CLAUDIO J,14139647,12,0
62,GIACOBINI,ROCIO BELEN,40184823,12,0
63,GUERRINI,RAFAEL F,1306922,12,0
64,GUTIERREZ,MONICA HAYDEE,20368170,12,0
65,HERMIDA,ANDREA LUCIA,31024245,12,0
66,HERMIDA,JENNIFER MARLENE,41458392,12,0
67,IACONO,JOSE,10611572,12,0
68,IGLESIAS,PABLO DANIEL,29913266,12,0
69,IRIBARNE TAPIA,LAUREANO,41969567,12,0
70,ITURRIAGA,CECILIA MARIA,13120590,12,0
71,JARAMILLO,BRAULIO,40352518,12,0
72,JARAMILLO,JUAN ANTONIO,16713323,12,0
73,LEZCANO LUCHA,NATALIA ANAHI,32700197,12,0
74,LINOS,NELIDA SUSANA,14583744,12,0
75,LOPEZ,ABELARDO FRANCISCO,26271789,12,0
76,LOPEZ,PATRICIA ADRIANA,25269446,12,0
77,LUERO,DARIO GASTON,35412570,12,0
78,LUERO,HECTOR MANUEL,30061200,12,0
79,LUERO,JORGE ARIEL,31860731,12,0
80,LUERO,MANUEL ARGENTINO,11442246,12,0
81,LUERO,YESICA DEL CARMEN,33665782,12,0
82,LUJAN,INOCENCIO RAMON,1240385,12,0
83,LUNATI,MIRIAM GRACIELA,20023380,12,0
84,MARCHANT,CRISTIAN DIEGO,36363301,12,0
85,MARTINEZ,ELVIRA SILVANA FABIANA,27830872,12,0
86,MEABE,MARTA CRISTINA,31686532,12,0
87,MEDINA,DILMA DALIDA,22079800,12,0
88,MEDINA,VERONICA SUSANA,32060116,12,0
89,MELIN,ALICIA GRACIELA,20316250,12,0
90,MELIN,SONIA MARIEL,21447832,12,0
91,MINGHETTI,JORGE ARGENTINO,22904458,12,0
92,MIQUEO,MARIA SARA,5471090,12,0
93,MONTENEGRO,LUCAS FABIAN,43109209,12,0
94,MONZON,ALICIA DEL CARMEN,29725999,12,0
95,NINE,MATIAS ALEJANDRO,41969575,12,0
96,ORLANDO,MARCOS JUAN,14378905,12,0
97,ORPHANT,TOMASA ZUNILDA,4997408,12,0
98,PAGANO,RUBEN CARLOS,12150364,12,0
99,PEDERNERA,DAMIAN HECTOR,29734883,12,0
100,PELLEJERO,IVAN BRUNO,5203069,12,0
101,PELLEJERO,MONICA IRMA,14907901,12,0
102,PEREDA,ABEL VICENTE,14907996,12,0
103,PEREDA,LAUTARO MIGUEL,45569589,12,0
104,PEREDA,MARIA CLAUDIA,22551117,12,0
105,PEREDA,MARIA ESTHER,14139621,12,0
106,PEREDA,MARIELA ISOLINA,23698709,12,0
107,PEREDA,MIGUEL FERNANDO,27830960,12,0
108,PEREDA,ORLANDO O,5207541,12,0
109,PEREDA,VALERIA,26729116,12,0
110,RAMIREZ,DAMIAN MAXIMILIANO,34656519,12,0
111,RAMIREZ,JONATHAN EZEQUIEL,38871603,12,0
112,RIOS,JOSE ANIBAL,14337624,12,0
113,RIVAS,ADRIANA MABEL,17827403,12,0
114,RIVAS,MARIA ALEJANDRA,23322600,12,0
115,RIVAS,MARIO DANIEL,26807408,12,0
116,RODRIGUEZ,BLANCA ESTHER,16117175,12,0
117,RODRIGUEZ,DELFOR IGNACIO,12135424,12,0
118,RODRIGUEZ,GISELA VANESA,32700158,12,0
119,RODRIGUEZ,LUZ AILEN,40977758,12,0
120,RODRIGUEZ,MAURO ALFREDO,28740571,12,0
121,RODRIGUEZ,MIGUEL ANGEL,5217287,12,0
122,SAEZ,ANGELICA MILAGROS,41025601,12,0
123,SAEZ,LUIS ALBERTO,32530340,12,0
124,SAEZ,MARIA EUGENIA,28762838,12,0
125,SAEZ,MIGUEL ANGEL,26308650,12,0
126,SAEZ,WALTER FABIAN,38863205,12,0
127,SEGURA,FRANCISCO ANTONIO,5216606,12,0
128,SOTO,VICTORIA ANDREA,28648795,12,0
129,SUARDIAZ,RAFAEL,27669118,12,0
130,TAPIA,NIDIA ALICIA,20719562,12,0
131,TORO,MARIO ALBERTO,23322552,12,0
132,TRUPPA,MARISA DANIELA,22596264,12,0
133,VARELA,CARLOS ALBERTO,13211630,12,0
134,VARELA,FRANCISCO JOSE,38153365,12,0
135,VARELA,VICENTE ALBERTO,1241923,12,0
136,VAZQUEZ,CINTIA GISELE,33361537,12,0
137,VELAZCO,JULIO,28548885,12,0
138,VERA,JUAN CARLOS,28013278,12,0
139,VICENTE,JUAN JOSE,14737863,12,0
140,VIDAL,ALFREDO,31351429,12,0
141,WILLIAMS,MARIANO MARTIN,14391722,12,0