1,ABRAHAM,ANALIA BELEN,34115709,1,0
2,ABRAHAM,ELENA RAQUEL,20777448,1,0
3,ABRAHAM,MAXIMILIANO ISMAEL,32864780,1,0
4,ABRAHAM,SUSANA B,14737864,1,0
5,ACEVEDO,IVAN,41457924,1,0
6,ACEVEDO SANCHEZ,ANTONIO EDUARDO,44225159,1,0
7,ACHA,MARIA INES,21599016,1,0
8,ACOSTA,AGUSTIN ALBERTO,41899315,1,0
9,ACOSTA,ALEJANDRO SALIM,45569520,1,0
10,ACOSTA,CARLOS ALBERTO,16806749,1,0
11,ACOSTA,CAROLINA ESTEFANIA,30827705,1,0
12,ACOSTA,GONZALO GABRIEL,43304429,1,0
13,ACOSTA,MARIA DEL CARMEN,32060142,1,0
14,ACOSTA,MILAGROS SOL,42233225,1,0
15,ACOSTA,MONICA RAMONA,26739493,1,0
16,ACOSTA,YESICA ELISABET,32154179,1,0
17,ACUÑA,GRACIELA ESTELA,23666021,1,0
18,ACUÑA,IGNACIA DELIA,16131743,1,0
19,AGU,JUAN CARLOS,17977548,1,0
20,AGUADO,DANIELA ANDREA,22987979,1,0
21,AGUAYO,CARLOS RAFAEL,36207140,1,0
22,AGUERO,MARIA BELEN,37915023,1,0
23,AGUERO,MARIA CECILIA,37915050,1,0
24,AGUERO,MARIA DE LOS ANGELES,34115718,1,0
25,AGUERO,MARIA EUGENIA,32060119,1,0
26,AGUERO,RUBEN OSCAR,29450317,1,0
27,AGUERRE,BEATRIZ LUZ,3538691,1,0
28,AGUERRE,JUAN RODOLFO,12422223,1,0
29,AGUERRE,LAURA VERONICA,17291185,1,0
30,AGUERRE,MATIAS,37915073,1,0
31,AGUERRE,NICOLAS,34115687,1,0
32,AGUERRE,SANTIAGO,34115615,1,0
33,AGUERRE,VALENTIN,41025655,1,0
34,AGUIAR,ALCIDES ALBERTO,38539656,1,0
35,AGUIAR,CLAUDIA AURORA,12991913,1,0
36,AGUIAR,PABLO ALBERTO,11398997,1,0
37,AGUIAR,SUSANA BEATRIZ,10748786,1,0
38,AGUIAR DE MORAES,MARIA ESTEFANIA,33306249,1,0
39,AGUIAR POU,ANA BELEN,34115733,1,0
40,AGUIAR POU,PILAR,38863215,1,0
41,AGUILAR,CATALINA MARIA,38028201,1,0
42,AGUILAR,HAYDEE CATALINA,14501380,1,0
43,AGUIRRE,CELESTE ROCIO,41021577,1,0
44,AGUIRRE,JUAN CARLOS,14304252,1,0
45,AGUIRRE,MARCOS ROQUE,17644542,1,0
46,AGUIRRE,MARIO DE LA CRUZ,13922855,1,0
47,AGUIRRE,MIGUEL ANGEL,17783652,1,0
48,AGUIRRE,OVIDIO B,6273903,1,0
49,AGUIRRE,SABINA IRRITA,27764394,1,0
50,AGUIRRE,SILVIA GRACIELA,22716303,1,0
51,AGUIRRE CRUZ,FLORENCIA MAGALI,38997066,1,0
52,AHUNTCHAIN,DIEGO FERNANDO,16215462,1,0
53,AHUNTCHAIN,PIUQUE EMILIA,39341050,1,0
54,AHUNTCHAIN,QUIMEY CATALINA,44958677,1,0
55,AHUNTCHAIN,SUYAI VALERIA,37086419,1,0
56,ALARCON,ELMA LIDIA,6274652,1,0
57,ALARCON,NIDIA ZULEMA,11041183,1,0
58,ALARCON,SEBASTIAN,34384709,1,0
59,ALBA,ALICIA BEATRIZ,27060740,1,0
60,ALBA,CLAUDIO RAUL,32060127,1,0
61,ALBA,GRACIELA SUSANA,27379446,1,0
62,ALBA,RAUL ALFREDO,5216664,1,0
63,ALBARRACIN,JUANA ISABEL,6150983,1,0
64,ALCARAZ,CAROLINA,46262549,1,0
65,ALCARAZ,SIXTO AVELINO,24416616,1,0
66,ALDECOA,MATIAS IGNACIO,41386735,1,0
67,ALEGRE,JUAN DARÍO,35496180,1,0
68,ALEMIS,JUAN MARCELO,33269486,1,0
69,ALET,ARMANDO ALBERTO,7745529,1,0
70,ALEVATTO,LARA BELEN,41079903,1,0
71,ALEVATTO,MARCELO OMAR,17977186,1,0
72,ALEVATTO,MICAELA SOFIA,37184426,1,0
73,ALFONSIN,MARIA MILAGROS,46607728,1,0
74,ALGAÑARAZ MELCHIOR,NARELA,42456933,1,0
75,ALI,CARLOS ORLANDO,10088626,1,0
76,ALLAN,CAMILA SOLEDAD,43511928,1,0
77,ALLAN,MARIA ALEJANDRA,21567055,1,0
78,ALMEYRA,DELIA ESTHER,542821,1,0
79,ALUFFI,JOSE LUIS,22539569,1,0
80,ALVARENGA,BEATRIZ NOEMI,37535710,1,0
81,ALVARENGA,DOMINGO RAUL,13046002,1,0
82,ALVARENGA,MARIA JUANA,37697450,1,0
83,ALVARENGA,RAUL OMAR,35239269,1,0
84,ALVAREZ,ABEL ARNALDO,31044930,1,0
85,ALVAREZ,ALEJANDRA RUTH,21921725,1,0
86,ALVAREZ,ANDREA CAMILA,40093285,1,0
87,ALVAREZ,ANTONELLA ALEJANDRA,40781668,1,0
88,ALVAREZ,CAROLINA ELIZABETH,32835400,1,0
89,ALVAREZ,CATALINA ANGELICA,41097790,1,0
90,ALVAREZ,CLAUDIA LUCIANA,34115702,1,0
91,ALVAREZ,EDUARDO NICOLAS,45618750,1,0
92,ALVAREZ,ELENA ARACELI,3426762,1,0
93,ALVAREZ,ELISA BEATRIZ,14139609,1,0
94,ALVAREZ,EMMA MARIA,28289300,1,0
95,ALVAREZ,ENZO MATIAS,40227663,1,0
96,ALVAREZ,FACUNDO JOSE,38935933,1,0
97,ALVAREZ,FRANCO RAUL,37915062,1,0
98,ALVAREZ,GERARDO FERNANDO,25873978,1,0
99,ALVAREZ,GERARDO MARTIN,32060146,1,0
100,ALVAREZ,GONZALO MARTIN,34115635,1,0
101,ALVAREZ,HECTOR JUAN CRUZ,29860481,1,0
102,ALVAREZ,IDA R,2827694,1,0
103,ALVAREZ,IVANA MARCELA,34115756,1,0
104,ALVAREZ,JESUS SEBASTIAN,34115607,1,0
105,ALVAREZ,JUAN DOMINGO,11501618,1,0
106,ALVAREZ,JUAN PEDRO,23920517,1,0
107,ALVAREZ,KARINA LUJAN,24546332,1,0
108,ALVAREZ,LAUTARO,41097725,1,0
109,ALVAREZ,MARCELA RAQUEL,20366931,1,0
110,ALVAREZ,MARCOS EMANUEL,29860474,1,0
111,ALVAREZ,MARIA ANTONIA,3426222,1,0
112,ALVAREZ,MARIA DE LOS ANGELES,28928831,1,0
113,ALVAREZ,MARIA DEL CARMEN,22526267,1,0
114,ALVAREZ,MARIA DEL ROSARIO,21921724,1,0
115,ALVAREZ,MARIA GISELE,33348957,1,0
116,ALVAREZ,MARINA ESTEFANIA,31938288,1,0
117,ALVAREZ,MARINA VERONICA,29860473,1,0
118,ALVAREZ,MARISA MABEL,20777433,1,0
119,ALVAREZ,MICAELA JUDITH,41025620,1,0
120,ALVAREZ,MIRTA E,17422161,1,0
121,ALVAREZ,MONICA CELINA,18421302,1,0
122,ALVAREZ,NESTOR ADOLFO,5218144,1,0
123,ALVAREZ,NESTOR GERMAN,23448059,1,0
124,ALVAREZ,NIVIA NOEMI,542894,1,0
125,ALVAREZ,NORA MARIA,14987851,1,0
126,ALVAREZ,OLGA NOEMI,27856732,1,0
127,ALVAREZ,RAUL OSCAR,14737881,1,0
128,ALVAREZ,SARA ESTER,3905364,1,0
129,ALVAREZ AVILA,ABRIL MAGALI,45569535,1,0
130,ALVEZ,ZULMA RAQUEL,17685181,1,0
131,ALZOGARAY,CRISTINA DE LOS ANGELES,17941493,1,0
132,ALZOGARAY,MARIA DEL CARMEN,16121579,1,0
133,ALZOGARAY,NESTOR LAUREANO,34115638,1,0
134,ALZOGARAY,NESTOR RAUL,14139635,1,0
135,ALZOGARAY,SANTIAGO ARCHIVALDO,37915028,1,0
136,AMADO,NORBERTO RAMON,14655294,1,0
137,AMADO CAMBARERI,RODOLFO NORBERTO,34234581,1,0
138,AMARILLO,MARIA DEL ROSARIO,27060739,1,0
139,AMARILLO,SIXTO PABLO,28928834,1,0
140,AMAYA,BRIAN LEONEL,37871054,1,0
141,AMAYA,CARLOS RAUL,22596216,1,0
142,AMAYA,EDNA RUDECINDA,542822,1,0
143,AMAYA,FABIAN GERARDO,26948905,1,0
144,AMAYA,FIAMA LORENA,37915072,1,0
145,AMAYA,GUSTAVO RAUL,14139641,1,0
146,AMAYA,LAURA LEONI,542900,1,0
147,AMAYA,LUIS N,5207523,1,0
148,AMAYA,MARIA ELSA,4560414,1,0
149,AMAYA,MAXIMILIANO,32867092,1,0
150,AMAYA,MIRIAM HAYDEE,12135423,1,0
151,AMAYA,MIRTA M,16670707,1,0
152,AMAYA,NILDA ADELAIDA,4433953,1,0
153,AMAYA,NOEMI ISABEL,3426693,1,0
154,AMAYA,RODRIGO GABRIEL,44518793,1,0
155,AMENTA,ALDANA ABRIL,44851775,1,0
156,AMENTA,RUBEN EDUARDO,22054293,1,0
157,ANCHORENA,EDUARDO BENJAMIN,10140922,1,0
158,ANCHORENA,JUAN JOSE CRISTOBAL,12045933,1,0
159,ANDINA,GABRIELA NATALI,36868587,1,0
160,ANDINA,PEDRO FORTUNATO,7908122,1,0
161,ANDINA,VERONICA FERNANDA,36868723,1,0
162,ANDINO,ADRIANA ELISABET,34234534,1,0
163,ANDINO,LAURA LUJAN,34115636,1,0
164,ANDINO,MONICA RAQUEL,32700003,1,0
165,ANDINO,NATALIA,42839534,1,0
166,ANDINO,NESTOR FABIAN,44240759,1,0
167,ANDINO,VALERIA INES,33348953,1,0
168,ANDISCO,ANA BELEN,35219466,1,0
169,ANDISCO,JUAN JOSE,33876208,1,0
170,ANDRADE,CANDELA,41097758,1,0
171,ANDRADE,JIMENA JULIETA,25873988,1,0
172,ANDRADE,JUAN CARLOS,10663508,1,0
173,ANDRADE,JUAN MARTIN,27060733,1,0
174,ANDRADE,JULIAN SANTIAGO,29860478,1,0
175,ANDRADE,MARCELO MATIAS,24414544,1,0
176,ANDRADE,MARIA DE LOS ANGELES,27918493,1,0
177,ANDRADE,MARIA ISABEL,21445870,1,0
178,ANDRADE,MIGUEL ADRIAN,23005525,1,0
179,ANDRADE,MIGUEL ANGEL,5217545,1,0
180,ANDRADE,TOMAS,44518750,1,0
181,ANDRADE,VALENTINA,44518752,1,0
182,ANDRADE,VICTORIA MICHELLE,41025624,1,0
183,ANDREIS,DAIANA,42102465,1,0
184,ANDREIS,FRANCO JAVIER,46499099,1,0
185,ANGEHRN,ANA ANDREA,27328182,1,0
186,ANGEHRN,CARLOS ADRIAN,27626414,1,0
187,ANIDO,ADOLFO SALVADOR,13431940,1,0
188,ANIDO,DANILA YAEL,44521229,1,0
189,ANIDO,ELSA MARINA,12493910,1,0
190,ANTONELLI,ALEXANDER RUBEN,44518777,1,0
191,ANTONELLI,CLAUDIO ALFREDO,32060111,1,0
192,ANTONELLI,MARCOS HUGO,29908026,1,0
193,ANTONELLI,NIDIA BEATRIZ,12422214,1,0
194,ANTONELLI,RUBEN NORBERTO,28193690,1,0
195,APESTEGUI,YAMILA ELIZABETH,35958455,1,0
196,ARAGON,CARLOS LUCIO MARIA,36785615,1,0
197,ARANCIAGA,MARIA LEONOR,23452363,1,0
198,ARANCIBIA,IVANA LORENA,37369621,1,0
199,ARANCIBIA,ROSARIO NOEMI,38436448,1,0
200,ARANCIBIA,WALTER MARCELO,33226962,1,0
201,ARANDA,CIRILO ARGENTINO,25650678,1,0
202,ARANDA,FLORENCIA NATALI,39633943,1,0
203,ARAUJO,RAMON ALBERTO,13831493,1,0
204,ARBIA,FRANCISCO AGUSTIN,5214990,1,0
205,ARBIA,RAMIRO AGUSTIN,31044904,1,0
206,ARBIO,AMILCAR FERNANDO,14737887,1,0
207,ARBIO,ARMANDO DANIEL,12991915,1,0
208,ARBIO,ELISANDRO DANIEL,33348931,1,0
209,ARBIO,LILIANA ELISABET,11160318,1,0
210,ARBIO,MAYRA JOHANA,34115717,1,0
211,ARBIO,NOEMI BEATRIZ,6230807,1,0
212,ARBIO,PATRICIA ESTEFANIA,21921717,1,0
213,ARBIO,ROBERTO OMAR,5216682,1,0
214,ARBIO,SERGIO EFRAIN,17422156,1,0
215,ARCE,RAUL LEONARDO,43267583,1,0
216,ARES,NAHUEL AGUSTIN,44115156,1,0
217,AREVALO,ELEODORO ROBERTO,12484866,1,0
218,AREVALO,FRANCO MARTIN,38824728,1,0
219,AREVALO,MARIA TERESA MARICEL,30476035,1,0
220,AREVALO,ROBERTO ATILIO,31333497,1,0
221,AREVALO,YANINA VANESA,34904751,1,0
222,ARGUELLO,EMMANUEL IVAN ALEXIS,37380901,1,0
223,ARGUELLO,JENNIFER DAIANA,36109796,1,0
224,ARGUELLO,NORBERTO OMAR,13525704,1,0
225,ARIAS,ALBERTO MARTIN,25459021,1,0
226,ARIAS,ALEXIS NAHUEL,34115798,1,0
227,ARIAS,ANA GUILLERMINA,23448066,1,0
228,ARIAS,ANGELICA LUJAN,4560483,1,0
229,ARIAS,ANIBAL,5207565,1,0
230,ARIAS,BELMA ADELA,12135421,1,0
231,ARIAS,CARLOS HECTOR,40093286,1,0
232,ARIAS,CAROLINA,30634844,1,0
233,ARIAS,CELESTE ELIZABETH,35948439,1,0
234,ARIAS,DOMINGO SELEDONIO,12084574,1,0
235,ARIAS,ELEANA ANTONELA,34115736,1,0
236,ARIAS,ERNESTO,5210979,1,0
237,ARIAS,FABIAN JORGE,17050041,1,0
238,ARIAS,GERMAN HORACIO,24973524,1,0
239,ARIAS,HECTOR ANIBAL,22876091,1,0
240,ARIAS,HECTOR LUIS,14139644,1,0
241,ARIAS,INES MARIA,3869540,1,0
242,ARIAS,IVANA ANYELEN,34115716,1,0
243,ARIAS,JESICA NOELIA,33767356,1,0
244,ARIAS,JUAN CRUZ,27144617,1,0
245,ARIAS,JUAN GABRIEL,41025627,1,0
246,ARIAS,JUAN MIGUEL,24414538,1,0
247,ARIAS,LUCAS SEBASTIAN,31598052,1,0
248,ARIAS,LUIS ANGEL,4704765,1,0
249,ARIAS,MARCOS ANTONIO,41097749,1,0
250,ARIAS,MARCOS LUCIANO,41025602,1,0
251,ARIAS,MARIA ADELA,22876084,1,0
252,ARIAS,MARIA DEL CARMEN,10363029,1,0
253,ARIAS,MARIA EUGENIA,29454801,1,0
254,ARIAS,MARIA EVA,33412647,1,0
255,ARIAS,MARICEL YAMILA,32334924,1,0
256,ARIAS,MARISA EULALIA,17941486,1,0
257,ARIAS,NESTOR FABIAN,23005519,1,0
258,ARIAS,NILDA SOFIA,3426683,1,0
259,ARIAS,OLGA NOEMI,2937901,1,0
260,ARIAS,OLGA ZULEMA,11827031,1,0
261,ARIAS,PABLO AXEL,38863202,1,0
262,ARIAS,PAULA CELESTE,30288871,1,0
263,ARIAS,PEDRO ANGEL,12547391,1,0
264,ARIAS,PEDRO LUCIANO,16121588,1,0
265,ARIAS,SILVIO LEONARDO,32060112,1,0
266,ARIAS,TORIBIO I,5210991,1,0
267,ARIAS,YOLANDA ALCIRA,12991949,1,0
268,ARIAS GARAY,YAGO EZEQUIEL,44115157,1,0
269,ARIAS LEGUIZAMON,ANAHI,41025606,1,0
270,ARIAS LEGUIZAMON,MARIANA,44518735,1,0
271,ARIAS MATOS,BENJAMIN ESTEBAN,41025672,1,0
272,ARIAS MATOS,FATIMA BELEN,44115168,1,0
273,ARIAS RODRIGUEZ,IRENE LILIAN,31424911,1,0
274,ARIAS RODRIGUEZ,LETICIA ISABEL,32243525,1,0
275,ARIZMENDI,MICAELA MILAGROS,44623081,1,0
276,ARNAU,MARIA EUGENIA,37982504,1,0
277,AROCENA,AGUSTIN,42361211,1,0
278,AROCENA,MARTIN,44934709,1,0
279,ARRABIT,ANGELA NOEMI,3426396,1,0
280,ARZUAGA,JUAN CARLOS,12351377,1,0
281,ARZUAGA,JUAN GABRIEL,29450385,1,0
282,ARZUAGA,SERGIO DAVID,27379429,1,0
283,ARZUAGA,SUSANA BEATRIZ,30230161,1,0
284,ASAD,ANGELA GRACIELA,16217384,1,0
285,ASTIGARRAGA,DORA E,4512891,1,0
286,ASTORGA,JOSE IGNACIO,12385224,1,0
287,ATELA,ANDREA LUCRECIA,22369575,1,0
288,AUBIA,BRAIAN ALFREDO,39986282,1,0
289,AUBIA,ERICA MILAGROS,41692436,1,0
290,AUBIA,NILDA GRACIELA,14737894,1,0
291,AUBIA,RICARDO ALBERTO,11827045,1,0
292,AUBIA,RICARDO ALFREDO,27918489,1,0
293,AUBIA,SABRINA MARISOL,29454815,1,0
294,AUBIA,SILVIA BEATRIZ,25269435,1,0
295,AUBONE STEFFENS,CARLOS MARIA,16335889,1,0
296,AVACA,ALEJANDRO MARTIN,30058608,1,0
297,AVACA,ANGEL DANIEL,5067489,1,0
298,AVACA,ANGEL RICARDO,40093275,1,0
299,AVACA,DIEGO FERNANDO,23720843,1,0
300,AVACA,FAVIO DARIO,41025630,1,0
301,AVACA,FELIX DANIEL,41097706,1,0
302,AVACA,JUAN MARTIN,44518727,1,0
303,AVACA,MARIO DANIEL,21910966,1,0
304,AVACA,MARISA RAQUEL,27883526,1,0
305,AVACA,SILVIA NOEMI,21910934,1,0
306,AVACA AGÜERO,RODRIGO DANIEL,44115171,1,0
307,AVALOS,JUAN PABLO ANGEL,43930167,1,0
308,AVILA,ALEJANDRA BEATRIZ,30827881,1,0
309,AVILA,ALEJANDRA NOEMI,20477596,1,0
310,AVILA,BAUTISTA,46629324,1,0
311,AVILA,CARLOS JOSE,16121600,1,0
312,AVILA,DAIANA ELIZABETH,34115777,1,0
313,AVILA,PEDRO JOSE,12547208,1,0
314,AZCONA,ANGEL,41329768,1,0
315,AZCONA,FERNANDO ABEL,35913582,1,0
316,AZCONA,RAMON,17174836,1,0
317,AZNAR,ADRIAN ENRIQUE,31252146,1,0
318,AZNAR,ENRIQUE PABLO,5210980,1,0
319,AZNAR,MARA JORGELINA,22876078,1,0
320,AZNAR,NELLY ROSARIO,4560461,1,0
321,AZNAR,NICOLAS EDGARDO,34115609,1,0
322,AZNAR,OSCAR EDGARDO,11031110,1,0
323,AZURI,ANA ISABEL,2937924,1,0
324,AZURI,ANDRES EDGARDO GUSTAVO,21502096,1,0
325,AZURI,BARBARA GUILLERMINA,29860482,1,0
326,AZURI,BRENDA DAIANA,34115730,1,0
327,AZURI,CARLA TRINIDAD,41025666,1,0
328,AZURI,CATALINA BEATRIZ,44518790,1,0
329,AZURI,CLAUDIO GABRIEL,37915067,1,0
330,AZURI,CLAUDIO MATIAS,24414536,1,0
331,AZURI,FERNANDO,44518731,1,0
332,AZURI,FLORENCIA DANIELA,27060727,1,0
333,AZURI,HECTOR OSMAR,18533628,1,0
334,AZURI,JOAQUIN,41025615,1,0
335,AZURI,JOSE LUIS,24414535,1,0
336,AZURI,JUAN MANUEL,27918484,1,0
337,AZURI,LUCAS DAMIAN,37915056,1,0
338,AZURI,MARGARITA ALICIA,4433966,1,0
339,AZURI,MARIA GABRIELA,26099806,1,0
340,AZURI,MARIA MARCELA,22516351,1,0
341,AZURI,MIGUEL ALBERTO,24973525,1,0
342,AZURI,NARCISO CARLOS,17050048,1,0
343,AZURI,SANTIAGO,44115159,1,0
344,AZURI,SANTIAGO DAMIAN,21446180,1,0
345,AZURI MEDINA,CYNTHIA LETICIA,34115710,1,0
346,AZZIO,DIEGO HERNAN,24036904,1,0
347,BADANO,LUCIANA MARCELA,35755404,1,0
348,BAEZ,CARMEN BEATRIZ,21733791,1,0
349,BAEZ,JUAN ALBERTO,10606691,1,0
350,BAEZ,JUAN JESUS,34115661,1,0