1,ALEGRE,EDUARDO FEDERICO,38310720,11,0
2,ALEMIS,HECTOR ANTONIO,8576931,11,0
3,AMAYA,NESTOR LORENZO,26496285,11,0
4,BALCEDO,JOSE ALBERTO,31168601,11,0
5,BETTI,SOFÍA LUJÁN,45675917,11,0
6,BIANCO,ALDANA ADELA,34115759,11,0
7,BOLONTRADE,MARIA LUJAN,32700055,11,0
8,CAVALLINI,MARIANO ANDRES,37013025,11,0
9,CORTINA,RAMIRO,24313335,11,0
10,DELGADO,NORA NAZARETD,37394001,11,0
11,DIAZ,FRANCISCO ADOLFO,12991905,11,0
12,DUHALDE,ROQUE OSCAR,21782750,11,0
13,DUTTIL,ALEXANDER VIDAL,46303071,11,0
14,EGUIA,EVANGELINA IRIS,32584700,11,0
15,ETCHANCHU,VALERIA CELIA MARINA,24695677,11,0
16,FERNANDEZ,HECTOR A,5320938,11,0
17,FLORES,ANTONIA NOEMÍ,44197542,11,0
18,FLORES,JUAN CARLOS,30482601,11,0
19,FONTANA,SUSANA LUJAN,17076725,11,0
20,GARAIBURU,JORGE DARIO,26056188,11,0
21,GOMEZ,VIVIANA SOLEDAD,28728529,11,0
22,HERMIDA,HUGO IGNACIO,21978833,11,0
23,HUIDOBRO,JUAN A,5298220,11,0
24,IBAÑEZ,ENRIQUE,1304613,11,0
25,IBARRA,RAUL ANTONIO,38713019,11,0
26,IRIART,DAIANA NOEMI,37915098,11,0
27,IRIART,JULIO FEDERICO,17691988,11,0
28,MARIO,JUAN M,5308037,11,0
29,MARRERO,NORMA MABEL,26307768,11,0
30,MUÑOZ,FERNANDO ANTONIO,45644864,11,0
31,NIEVAS,ANGEL EXEQUIEL,40046511,11,0
32,NOGARA,PEDRO RUBEN,11398980,11,0
33,OJEDA,BERNARDO ANTONIO,19026529,11,0
34,OJEDA,LUIS CANDIDO,16746162,11,0
35,ORTIZ,PAOLA NOEMI,26895825,11,0
36,PEREDA,NATALIA,25174934,11,0
37,PEREYRA,MIGUEL ANGEL,26883120,11,0
38,PEREZ,ELDA YOLANDA,17343646,11,0
39,PEREZ,MARTIN OSCAR,35102128,11,0
40,SAN MARTIN,PEDRO ERNESTO,30954888,11,0
41,SOSA,PATRICIA NOEMI,17050049,11,0
42,SUAREZ,CARLOS ALFREDO,17464931,11,0
43,SUAREZ,LUCAS AGUSTIN,38658770,11,0
44,TORO,ELBA GLADYS,16156420,11,0